date,country,country_code,asset,signal,severity,position_usd_mm,change_usd_mm,flow_usd_mm,valuation_usd_mm,residual_usd_mm,residual_pct,robust_z,review_note
2026-05,Australia,60089,Corporate bonds,UNUSUAL_POSITION_CHANGE,MEDIUM,56733.0,4722.0,1438.0,-391.0,3675.0,7.065813001095922,5.6961525,"Check transactions, valuation, reclassification, and revisions."
2026-05,Australia,60089,Corporate bonds,LARGE_UNEXPLAINED_RESIDUAL,MEDIUM,56733.0,4722.0,1438.0,-391.0,3675.0,7.065813001095922,5.6961525,"Check source data, revisions, and other adjustments."
2026-05,Colombia,30503,Corporate bonds,UNUSUAL_POSITION_CHANGE,MEDIUM,11700.0,-569.0,-400.0,-24.0,-145.0,-1.1818404107914255,-5.554989285714285,"Check transactions, valuation, reclassification, and revisions."
2026-05,New Zealand,61689,Treasuries,UNUSUAL_POSITION_CHANGE,MEDIUM,12898.0,-2031.0,-2185.0,105.0,49.0,0.3282202424810771,-5.05875,"Check transactions, valuation, reclassification, and revisions."
2026-05,Belgium,10251,Agency bonds,LARGE_UNEXPLAINED_RESIDUAL,MEDIUM,11844.0,-1015.0,-44.0,-99.0,-872.0,-6.781242709386422,-3.116049479166666,"Check source data, revisions, and other adjustments."
2026-05,Belgium,10251,Equities,LARGE_UNEXPLAINED_RESIDUAL,MEDIUM,171906.0,1109.0,-388.0,11454.0,-9957.0,-5.82972768842544,-0.35155975479744134,"Check source data, revisions, and other adjustments."
2026-05,Saint Kitts and Nevis,37303,Corporate bonds,UNUSUAL_POSITION_CHANGE,HIGH,10924.0,3502.0,60.0,-1798.0,5240.0,70.60091619509566,141.31796969696967,"Check transactions, valuation, reclassification, and revisions."
2026-05,Saint Kitts and Nevis,37303,Corporate bonds,LARGE_UNEXPLAINED_RESIDUAL,HIGH,10924.0,3502.0,60.0,-1798.0,5240.0,70.60091619509566,141.31796969696967,"Check source data, revisions, and other adjustments."
2026-05,Cayman Islands,36137,Agency bonds,UNUSUAL_POSITION_CHANGE,HIGH,89828.0,26300.0,9862.0,17363.0,-925.0,-1.4560508752046342,12.65547831632653,"Check transactions, valuation, reclassification, and revisions."
2026-05,United Arab Emirates,46604,Corporate bonds,UNUSUAL_POSITION_CHANGE,HIGH,7042.0,2792.0,479.0,2401.0,-88.0,-2.070588235294118,11.867729903536977,"Check transactions, valuation, reclassification, and revisions."
2026-05,Kazakhstan,16543,Treasuries,LARGE_UNEXPLAINED_RESIDUAL,HIGH,2797.0,265.0,850.0,-23.0,-562.0,-22.195892575039494,1.4557119402985075,"Check source data, revisions, and other adjustments."
2026-05,Mauritius,53805,Treasuries,LARGE_UNEXPLAINED_RESIDUAL,HIGH,1717.0,283.0,171.0,-779.0,891.0,62.13389121338912,0.9662780898876404,"Check source data, revisions, and other adjustments."
2026-04,Costa Rica,30589,Equities,UNUSUAL_POSITION_CHANGE,MEDIUM,8437.0,1187.0,252.0,807.0,128.0,1.7655172413793103,4.927790378006873,"Check transactions, valuation, reclassification, and revisions."
2026-04,Israel,42501,Equities,UNUSUAL_POSITION_CHANGE,MEDIUM,239345.0,31947.0,6927.0,21729.0,3291.0,1.5868041157581076,4.925797287207566,"Check transactions, valuation, reclassification, and revisions."
2026-04,Panama,31887,Equities,UNUSUAL_POSITION_CHANGE,MEDIUM,28465.0,2999.0,526.0,2088.0,385.0,1.5118196811434854,4.861621935483871,"Check transactions, valuation, reclassification, and revisions."
2026-04,Indonesia,42218,Equities,UNUSUAL_POSITION_CHANGE,MEDIUM,1491.0,517.0,425.0,83.0,9.0,0.9240246406570842,4.709666666666666,"Check transactions, valuation, reclassification, and revisions."
2026-04,Thailand,46418,Equities,UNUSUAL_POSITION_CHANGE,MEDIUM,39023.0,3353.0,334.0,2923.0,96.0,0.2691337258200168,4.562243055555555,"Check transactions, valuation, reclassification, and revisions."
2026-04,Spain,12505,Equities,UNUSUAL_POSITION_CHANGE,MEDIUM,87108.0,8742.0,1853.0,8179.0,-1290.0,-1.6461220427226093,4.356416631755342,"Check transactions, valuation, reclassification, and revisions."
2026-04,Malaysia,43605,Equities,UNUSUAL_POSITION_CHANGE,MEDIUM,63621.0,8712.0,2333.0,6456.0,-77.0,-0.14023202025168915,4.322135637235318,"Check transactions, valuation, reclassification, and revisions."
2026-04,Brazil,30309,Equities,UNUSUAL_POSITION_CHANGE,MEDIUM,26134.0,2098.0,604.0,1779.0,-285.0,-1.1857214178731903,4.142335689045936,"Check transactions, valuation, reclassification, and revisions."
2026-04,Taiwan,46302,Equities,UNUSUAL_POSITION_CHANGE,MEDIUM,211664.0,25952.0,3271.0,21192.0,1489.0,0.8017790988196778,4.120502623436028,"Check transactions, valuation, reclassification, and revisions."
2026-04,"Korea, South",43001,Equities,UNUSUAL_POSITION_CHANGE,MEDIUM,759008.0,78364.0,15113.0,62162.0,1089.0,0.15999553364166877,4.106719580483775,"Check transactions, valuation, reclassification, and revisions."
2026-04,Argentina,30104,Treasuries,UNUSUAL_POSITION_CHANGE,MEDIUM,5968.0,765.0,1260.0,9.0,-504.0,-9.686719200461273,4.018540084388186,"Check transactions, valuation, reclassification, and revisions."
2026-04,Argentina,30104,Treasuries,LARGE_UNEXPLAINED_RESIDUAL,MEDIUM,5968.0,765.0,1260.0,9.0,-504.0,-9.686719200461273,4.018540084388186,"Check source data, revisions, and other adjustments."
2026-04,Guernsey,13006,Equities,LARGE_UNEXPLAINED_RESIDUAL,MEDIUM,85078.0,5772.0,-598.0,1550.0,4820.0,6.077724257937609,3.5268538418708237,"Check source data, revisions, and other adjustments."
2026-04,Hong Kong,42005,Treasuries,LARGE_UNEXPLAINED_RESIDUAL,MEDIUM,217424.0,-9464.0,5421.0,-1312.0,-13573.0,-5.982246747293819,-1.262737848041529,"Check source data, revisions, and other adjustments."
2026-04,Cyprus,10405,Corporate bonds,LARGE_UNEXPLAINED_RESIDUAL,HIGH,791.0,-50.0,461.0,4.0,-515.0,-61.236623067776456,-1.3128660714285714,"Check source data, revisions, and other adjustments."
2026-04,Mauritius,53805,Treasuries,LARGE_UNEXPLAINED_RESIDUAL,HIGH,1434.0,-255.0,-74.0,-944.0,763.0,45.17465956187093,-1.2315064516129033,"Check source data, revisions, and other adjustments."
2026-04,United Kingdom,13005,Agency bonds,LARGE_UNEXPLAINED_RESIDUAL,HIGH,67645.0,10094.0,14499.0,1612.0,-6017.0,-10.455074629459089,0.9974620303756995,"Check source data, revisions, and other adjustments."
2026-04,Kazakhstan,16543,Treasuries,LARGE_UNEXPLAINED_RESIDUAL,HIGH,2532.0,-254.0,219.0,287.0,-760.0,-27.279253409906676,-0.7146054054054054,"Check source data, revisions, and other adjustments."
2026-04,Ukraine,16403,Treasuries,LARGE_UNEXPLAINED_RESIDUAL,HIGH,10338.0,-1154.0,1334.0,-251.0,-2237.0,-19.465715280194917,-0.5652383062530774,"Check source data, revisions, and other adjustments."
2026-03,British Virgin Islands,35807,Agency bonds,UNUSUAL_POSITION_CHANGE,MEDIUM,39254.0,-2019.0,-1143.0,-847.0,-29.0,-0.07026385288202941,-6.749772405660377,"Check transactions, valuation, reclassification, and revisions."
2026-03,Thailand,46418,Equities,UNUSUAL_POSITION_CHANGE,MEDIUM,35670.0,-2639.0,-551.0,-2178.0,90.0,0.23493173927797645,-5.9204125827814575,"Check transactions, valuation, reclassification, and revisions."
2026-03,Japan,42609,Treasuries,UNUSUAL_POSITION_CHANGE,MEDIUM,1039803.0,-47747.0,-23933.0,-17955.0,-5859.0,-0.5387338513171808,-5.636079003984063,"Check transactions, valuation, reclassification, and revisions."
2026-03,Brazil,30309,Equities,UNUSUAL_POSITION_CHANGE,MEDIUM,24036.0,-1963.0,-1097.0,-1265.0,399.0,1.534674410554252,-5.591438162544169,"Check transactions, valuation, reclassification, and revisions."
2026-03,Peru,32204,Equities,UNUSUAL_POSITION_CHANGE,MEDIUM,11910.0,-2538.0,-403.0,-1236.0,-899.0,-6.222314507198228,-5.492079856115108,"Check transactions, valuation, reclassification, and revisions."
2026-03,Peru,32204,Equities,LARGE_UNEXPLAINED_RESIDUAL,MEDIUM,11910.0,-2538.0,-403.0,-1236.0,-899.0,-6.222314507198228,-5.492079856115108,"Check source data, revisions, and other adjustments."
2026-03,France,10804,Equities,UNUSUAL_POSITION_CHANGE,MEDIUM,652995.0,-74011.0,-5820.0,-33260.0,-34931.0,-4.804774651103292,-5.391889939065071,"Check transactions, valuation, reclassification, and revisions."
2026-03,Spain,12505,Equities,UNUSUAL_POSITION_CHANGE,MEDIUM,78366.0,-5998.0,1486.0,-4001.0,-3483.0,-4.128538239059314,-5.024096133474576,"Check transactions, valuation, reclassification, and revisions."
2026-03,Colombia,30503,Equities,UNUSUAL_POSITION_CHANGE,MEDIUM,38978.0,-4542.0,-1540.0,-2534.0,-468.0,-1.0753676470588236,-4.920979787234042,"Check transactions, valuation, reclassification, and revisions."
2026-03,Belgium,10251,Agency bonds,UNUSUAL_POSITION_CHANGE,MEDIUM,12978.0,-1778.0,-28.0,-405.0,-1345.0,-9.114936297099485,-4.824080208333333,"Check transactions, valuation, reclassification, and revisions."
2026-03,Belgium,10251,Agency bonds,LARGE_UNEXPLAINED_RESIDUAL,MEDIUM,12978.0,-1778.0,-28.0,-405.0,-1345.0,-9.114936297099485,-4.824080208333333,"Check source data, revisions, and other adjustments."
2026-03,Jersey,13007,Treasuries,UNUSUAL_POSITION_CHANGE,MEDIUM,4037.0,-511.0,-365.0,-28.0,-118.0,-2.594547053649956,-4.7925,"Check transactions, valuation, reclassification, and revisions."
2026-03,Guernsey,13006,Equities,UNUSUAL_POSITION_CHANGE,MEDIUM,79306.0,-4607.0,-915.0,-1164.0,-2528.0,-3.0126440480020973,-4.588295332136445,"Check transactions, valuation, reclassification, and revisions."
2026-03,Panama,31887,Equities,UNUSUAL_POSITION_CHANGE,MEDIUM,25466.0,-1724.0,-80.0,-1190.0,-454.0,-1.669731518940787,-4.510089552238806,"Check transactions, valuation, reclassification, and revisions."
2026-03,United Arab Emirates,46604,Corporate bonds,UNUSUAL_POSITION_CHANGE,MEDIUM,4364.0,-797.0,-73.0,-409.0,-315.0,-6.103468320093005,-4.375473977695168,"Check transactions, valuation, reclassification, and revisions."
2026-03,Portugal,12319,Equities,UNUSUAL_POSITION_CHANGE,MEDIUM,14648.0,-832.0,-6.0,-603.0,-223.0,-1.4405684754521964,-4.17100278551532,"Check transactions, valuation, reclassification, and revisions."
2026-03,Jersey,13007,Equities,UNUSUAL_POSITION_CHANGE,MEDIUM,24551.0,-2059.0,-110.0,-705.0,-1244.0,-4.674934235249906,-4.115885106382978,"Check transactions, valuation, reclassification, and revisions."
2026-03,British Virgin Islands,35807,Treasuries,LARGE_UNEXPLAINED_RESIDUAL,MEDIUM,64479.0,4640.0,8642.0,-681.0,-3321.0,-5.549892210765554,3.208310016787913,"Check source data, revisions, and other adjustments."
2026-03,Bermuda,35602,Treasuries,LARGE_UNEXPLAINED_RESIDUAL,MEDIUM,63357.0,2071.0,-446.0,-863.0,3380.0,5.515125803609307,1.100703925323121,"Check source data, revisions, and other adjustments."
2026-03,United Kingdom,13005,Agency bonds,LARGE_UNEXPLAINED_RESIDUAL,MEDIUM,57551.0,-5022.0,-9192.0,-314.0,4484.0,7.166030076870215,-0.6058210075026795,"Check source data, revisions, and other adjustments."
2026-03,Panama,31887,Corporate bonds,LARGE_UNEXPLAINED_RESIDUAL,MEDIUM,12680.0,121.0,1055.0,-253.0,-681.0,-5.422406242535233,0.3808181818181818,"Check source data, revisions, and other adjustments."
2026-03,Saint Kitts and Nevis,37303,Corporate bonds,UNUSUAL_POSITION_CHANGE,HIGH,7391.0,1964.0,76.0,-59.0,1947.0,35.87617468214483,58.94210227272727,"Check transactions, valuation, reclassification, and revisions."
2026-03,Saint Kitts and Nevis,37303,Corporate bonds,LARGE_UNEXPLAINED_RESIDUAL,HIGH,7391.0,1964.0,76.0,-59.0,1947.0,35.87617468214483,58.94210227272727,"Check source data, revisions, and other adjustments."
2026-03,Turkey,12807,Treasuries,UNUSUAL_POSITION_CHANGE,HIGH,839.0,-10212.0,-10258.0,50.0,-4.0,-0.03619581938286128,-38.79672115384615,"Check transactions, valuation, reclassification, and revisions."
2026-03,Liberia,53201,Equities,UNUSUAL_POSITION_CHANGE,HIGH,1267.0,-1260.0,19.0,-10.0,-1269.0,-50.21764938662446,-29.794293103448275,"Check transactions, valuation, reclassification, and revisions."
2026-03,Liberia,53201,Equities,LARGE_UNEXPLAINED_RESIDUAL,HIGH,1267.0,-1260.0,19.0,-10.0,-1269.0,-50.21764938662446,-29.794293103448275,"Check source data, revisions, and other adjustments."
2026-03,Indonesia,42218,Corporate bonds,UNUSUAL_POSITION_CHANGE,HIGH,1185.0,-1289.0,-1245.0,-46.0,2.0,0.08084074373484236,-20.457188235294115,"Check transactions, valuation, reclassification, and revisions."
2026-03,Mexico,31704,Corporate bonds,UNUSUAL_POSITION_CHANGE,HIGH,14204.0,1922.0,2279.0,-303.0,-54.0,-0.4396678065461651,8.409675084175083,"Check transactions, valuation, reclassification, and revisions."
2026-03,Mauritius,53805,Treasuries,LARGE_UNEXPLAINED_RESIDUAL,HIGH,1689.0,-200.0,-67.0,-985.0,852.0,45.10322922181048,-0.9921677419354838,"Check source data, revisions, and other adjustments."
2026-03,Ukraine,16403,Treasuries,LARGE_UNEXPLAINED_RESIDUAL,HIGH,11492.0,-4.0,3049.0,-262.0,-2791.0,-24.27800974251914,0.19466747104247104,"Check source data, revisions, and other adjustments."
2026-02,Barbados,30155,Treasuries,UNUSUAL_POSITION_CHANGE,MEDIUM,1714.0,-775.0,-732.0,-33.0,-10.0,-0.4017677782241864,-4.69070091324201,"Check transactions, valuation, reclassification, and revisions."
2026-02,Israel,42501,Treasuries,UNUSUAL_POSITION_CHANGE,MEDIUM,90783.0,-6373.0,403.0,972.0,-7748.0,-7.974803408950554,-4.148269771176235,"Check transactions, valuation, reclassification, and revisions."
2026-02,Israel,42501,Treasuries,LARGE_UNEXPLAINED_RESIDUAL,MEDIUM,90783.0,-6373.0,403.0,972.0,-7748.0,-7.974803408950554,-4.148269771176235,"Check source data, revisions, and other adjustments."
2026-02,"Korea, South",43001,Equities,LARGE_UNEXPLAINED_RESIDUAL,MEDIUM,707948.0,37357.0,-1655.0,-1219.0,40231.0,5.999334915022719,1.880366487708392,"Check source data, revisions, and other adjustments."
2026-02,Spain,12505,Corporate bonds,LARGE_UNEXPLAINED_RESIDUAL,MEDIUM,13864.0,-364.0,312.0,-1574.0,898.0,6.311498453753162,-1.7292016509433963,"Check source data, revisions, and other adjustments."
2026-02,Ukraine,16403,Treasuries,LARGE_UNEXPLAINED_RESIDUAL,MEDIUM,11496.0,-1103.0,91.0,2.0,-1196.0,-9.492816890229383,-0.5433725755525485,"Check source data, revisions, and other adjustments."
2026-02,Cayman Islands,36137,Treasuries,LARGE_UNEXPLAINED_RESIDUAL,MEDIUM,289709.0,12628.0,-1666.0,-2705.0,16999.0,6.135029107012029,0.4991194424775463,"Check source data, revisions, and other adjustments."
2026-02,Indonesia,42218,Treasuries,LARGE_UNEXPLAINED_RESIDUAL,MEDIUM,27080.0,-955.0,-2656.0,-38.0,1739.0,6.202960584983057,-0.48612837089028443,"Check source data, revisions, and other adjustments."
2026-02,Liberia,53201,Equities,UNUSUAL_POSITION_CHANGE,HIGH,2527.0,1119.0,1242.0,-30.0,-93.0,-6.605113636363637,26.450035714285715,"Check transactions, valuation, reclassification, and revisions."
2026-02,Chile,30406,Treasuries,UNUSUAL_POSITION_CHANGE,HIGH,22888.0,-11386.0,-10573.0,423.0,-1236.0,-3.6062321293108477,-24.29043125,"Check transactions, valuation, reclassification, and revisions."
2026-02,Israel,42501,Corporate bonds,UNUSUAL_POSITION_CHANGE,HIGH,20687.0,-4866.0,504.0,96.0,-5466.0,-21.390834735647477,-13.571152859960552,"Check transactions, valuation, reclassification, and revisions."
2026-02,Israel,42501,Corporate bonds,LARGE_UNEXPLAINED_RESIDUAL,HIGH,20687.0,-4866.0,504.0,96.0,-5466.0,-21.390834735647477,-13.571152859960552,"Check source data, revisions, and other adjustments."
2026-02,Israel,42501,Agency bonds,UNUSUAL_POSITION_CHANGE,HIGH,4530.0,-795.0,-12.0,51.0,-834.0,-15.661971830985916,-7.6042945205479455,"Check transactions, valuation, reclassification, and revisions."
2026-02,Israel,42501,Agency bonds,LARGE_UNEXPLAINED_RESIDUAL,HIGH,4530.0,-795.0,-12.0,51.0,-834.0,-15.661971830985916,-7.6042945205479455,"Check source data, revisions, and other adjustments."
2026-02,Peru,32204,Equities,LARGE_UNEXPLAINED_RESIDUAL,HIGH,14448.0,1640.0,-567.0,579.0,1628.0,12.710805746408495,2.7355285714285715,"Check source data, revisions, and other adjustments."
2026-01,Israel,42501,Treasuries,LARGE_UNEXPLAINED_RESIDUAL,MEDIUM,97156.0,18849.0,14783.0,-245.0,4311.0,5.505254958049727,13.112486856516975,"Check source data, revisions, and other adjustments."
2026-01,Turkey,12807,Treasuries,UNUSUAL_POSITION_CHANGE,MEDIUM,10766.0,2112.0,2147.0,-35.0,0.0,0.0,6.605207253886011,"Check transactions, valuation, reclassification, and revisions."
2026-01,Barbados,30155,Treasuries,UNUSUAL_POSITION_CHANGE,MEDIUM,2489.0,718.0,-3.0,52.0,669.0,37.77526821005082,4.914214285714285,"Check transactions, valuation, reclassification, and revisions."
2026-01,Ireland,11401,Agency bonds,UNUSUAL_POSITION_CHANGE,MEDIUM,50209.0,5521.0,6054.0,-519.0,-14.0,-0.03132832080200501,4.591507019783025,"Check transactions, valuation, reclassification, and revisions."
2026-01,Hong Kong,42005,Agency bonds,UNUSUAL_POSITION_CHANGE,MEDIUM,17357.0,1461.0,1536.0,10.0,-85.0,-0.53472571716155,4.278158567774936,"Check transactions, valuation, reclassification, and revisions."
2026-01,British Virgin Islands,35807,Equities,UNUSUAL_POSITION_CHANGE,MEDIUM,217421.0,-30207.0,-18644.0,-775.0,-10788.0,-4.356534802203305,-4.040961822011584,"Check transactions, valuation, reclassification, and revisions."
2026-01,Peru,32204,Equities,LARGE_UNEXPLAINED_RESIDUAL,MEDIUM,12808.0,646.0,-1051.0,753.0,944.0,7.761881269528038,0.7779571428571429,"Check source data, revisions, and other adjustments."
2026-01,International,72907,Treasuries,LARGE_UNEXPLAINED_RESIDUAL,MEDIUM,43799.0,-1802.0,909.0,450.0,-3161.0,-6.931865529264709,-0.39909337264813255,"Check source data, revisions, and other adjustments."
2026-01,Egypt,57002,Treasuries,UNUSUAL_POSITION_CHANGE,HIGH,1160.0,989.0,999.0,-10.0,0.0,0.0,333.203,"Check transactions, valuation, reclassification, and revisions."
2026-01,Israel,42501,Treasuries,UNUSUAL_POSITION_CHANGE,HIGH,97156.0,18849.0,14783.0,-245.0,4311.0,5.505254958049727,13.112486856516975,"Check transactions, valuation, reclassification, and revisions."
2026-01,Jersey,13007,Corporate bonds,UNUSUAL_POSITION_CHANGE,HIGH,4702.0,763.0,145.0,8.0,610.0,15.486164001015487,10.973317204301075,"Check transactions, valuation, reclassification, and revisions."
2026-01,Jersey,13007,Corporate bonds,LARGE_UNEXPLAINED_RESIDUAL,HIGH,4702.0,763.0,145.0,8.0,610.0,15.486164001015487,10.973317204301075,"Check source data, revisions, and other adjustments."
2026-01,Hungary,15504,Treasuries,UNUSUAL_POSITION_CHANGE,HIGH,2179.0,1212.0,1238.0,-8.0,-18.0,-1.861427094105481,10.337924836601307,"Check transactions, valuation, reclassification, and revisions."
2026-01,Chile,30406,Treasuries,UNUSUAL_POSITION_CHANGE,HIGH,34274.0,-3436.0,-3134.0,-86.0,-216.0,-0.5727923627684964,-9.028700374531835,"Check transactions, valuation, reclassification, and revisions."
2026-01,Barbados,30155,Corporate bonds,UNUSUAL_POSITION_CHANGE,HIGH,17386.0,1300.0,299.0,301.0,700.0,4.351610095735422,7.226333333333334,"Check transactions, valuation, reclassification, and revisions."
2026-01,Barbados,30155,Treasuries,LARGE_UNEXPLAINED_RESIDUAL,HIGH,2489.0,718.0,-3.0,52.0,669.0,37.77526821005082,4.914214285714285,"Check source data, revisions, and other adjustments."
2026-01,Poland,15768,Equities,LARGE_UNEXPLAINED_RESIDUAL,HIGH,6463.0,1752.0,139.0,149.0,1464.0,31.07620462746763,2.8061584595959594,"Check source data, revisions, and other adjustments."
2026-01,Austria,10189,Treasuries,LARGE_UNEXPLAINED_RESIDUAL,HIGH,4280.0,-820.0,-132.0,-2.0,-686.0,-13.450980392156863,-1.3792710011507479,"Check source data, revisions, and other adjustments."
2026-01,Cayman Islands,36137,Treasuries,LARGE_UNEXPLAINED_RESIDUAL,HIGH,277081.0,10359.0,-13868.0,-2852.0,27079.0,10.152518352441868,0.3850479260611933,"Check source data, revisions, and other adjustments."
2026-01,Ukraine,16403,Treasuries,LARGE_UNEXPLAINED_RESIDUAL,HIGH,12599.0,116.0,1469.0,-6.0,-1347.0,-10.790675318433069,0.2727948841698842,"Check source data, revisions, and other adjustments."
2026-01,Mauritius,53805,Treasuries,LARGE_UNEXPLAINED_RESIDUAL,HIGH,1693.0,-4.0,185.0,-975.0,786.0,46.31703005303477,-0.07123432343234323,"Check source data, revisions, and other adjustments."
2025-12,Hong Kong,42005,Agency bonds,UNUSUAL_POSITION_CHANGE,MEDIUM,15896.0,1992.0,1965.0,121.0,-94.0,-0.6760644418872267,6.617947368421053,"Check transactions, valuation, reclassification, and revisions."
2025-12,Ireland,11401,Agency bonds,UNUSUAL_POSITION_CHANGE,MEDIUM,44688.0,5190.0,5715.0,-618.0,93.0,0.23545495974479722,4.306555520102106,"Check transactions, valuation, reclassification, and revisions."
2025-12,France,10804,Corporate bonds,LARGE_UNEXPLAINED_RESIDUAL,MEDIUM,77804.0,3670.0,77.0,-1241.0,4834.0,6.520624814525049,2.7789958592132504,"Check source data, revisions, and other adjustments."
2025-12,Ukraine,16403,Treasuries,LARGE_UNEXPLAINED_RESIDUAL,MEDIUM,12483.0,983.0,1970.0,12.0,-999.0,-8.68695652173913,1.3093488817891372,"Check source data, revisions, and other adjustments."
2025-12,Cayman Islands,36137,Treasuries,LARGE_UNEXPLAINED_RESIDUAL,MEDIUM,266722.0,-7962.0,13185.0,-3670.0,-17477.0,-6.36258391460733,-0.5360204971490329,"Check source data, revisions, and other adjustments."
2025-12,Saint Kitts and Nevis,37303,Corporate bonds,UNUSUAL_POSITION_CHANGE,HIGH,5380.0,2331.0,67.0,-6.0,2270.0,74.45063955395212,93.44890909090908,"Check transactions, valuation, reclassification, and revisions."
2025-12,Saint Kitts and Nevis,37303,Corporate bonds,LARGE_UNEXPLAINED_RESIDUAL,HIGH,5380.0,2331.0,67.0,-6.0,2270.0,74.45063955395212,93.44890909090908,"Check source data, revisions, and other adjustments."
2025-12,South Africa,55719,Agency bonds,UNUSUAL_POSITION_CHANGE,HIGH,862.0,861.0,0.0,0.0,861.0,86100.0,29.290162499999997,"Check transactions, valuation, reclassification, and revisions."
2025-12,South Africa,55719,Agency bonds,LARGE_UNEXPLAINED_RESIDUAL,HIGH,862.0,861.0,0.0,0.0,861.0,86100.0,29.290162499999997,"Check source data, revisions, and other adjustments."
2025-12,Jersey,13007,Treasuries,UNUSUAL_POSITION_CHANGE,HIGH,4488.0,614.0,673.0,-10.0,-49.0,-1.2648425400103251,9.94044375,"Check transactions, valuation, reclassification, and revisions."
2025-12,Spain,12505,Corporate bonds,UNUSUAL_POSITION_CHANGE,HIGH,13002.0,2287.0,5.0,2204.0,78.0,0.7279514699020065,8.894710122699387,"Check transactions, valuation, reclassification, and revisions."
2025-12,South Africa,55719,Treasuries,LARGE_UNEXPLAINED_RESIDUAL,HIGH,7998.0,2153.0,96.0,-37.0,2094.0,35.82549187339607,3.404377551020408,"Check source data, revisions, and other adjustments."
2025-12,Peru,32204,Equities,LARGE_UNEXPLAINED_RESIDUAL,HIGH,12162.0,-470.0,-1729.0,-219.0,1478.0,11.700443318556047,-1.544757142857143,"Check source data, revisions, and other adjustments."
2025-12,Argentina,30104,Treasuries,LARGE_UNEXPLAINED_RESIDUAL,HIGH,4950.0,87.0,1034.0,-28.0,-919.0,-18.897799712111865,0.16787555555555556,"Check source data, revisions, and other adjustments."
2025-11,Singapore,46019,Agency bonds,UNUSUAL_POSITION_CHANGE,MEDIUM,34164.0,3692.0,4086.0,-558.0,164.0,0.5381990023628249,6.31096523668639,"Check transactions, valuation, reclassification, and revisions."
2025-11,British Virgin Islands,35807,Agency bonds,UNUSUAL_POSITION_CHANGE,MEDIUM,39901.0,972.0,1193.0,-181.0,-40.0,-0.10275116237252434,4.909301960784314,"Check transactions, valuation, reclassification, and revisions."
2025-11,New Zealand,61689,Equities,LARGE_UNEXPLAINED_RESIDUAL,MEDIUM,60376.0,3141.0,145.0,-1125.0,4121.0,7.200139774613436,1.4047298447671508,"Check source data, revisions, and other adjustments."
2025-11,International,72907,Treasuries,LARGE_UNEXPLAINED_RESIDUAL,MEDIUM,51422.0,6259.0,2324.0,1552.0,2383.0,5.276443106082413,1.1843034503096432,"Check source data, revisions, and other adjustments."
2025-11,Cayman Islands,36137,Treasuries,LARGE_UNEXPLAINED_RESIDUAL,MEDIUM,274684.0,18908.0,272.0,-430.0,19066.0,7.454178656324284,0.8702671549116383,"Check source data, revisions, and other adjustments."
2025-11,South Africa,55719,Agency bonds,UNUSUAL_POSITION_CHANGE,HIGH,1.0,-569.0,10.0,-16.0,-563.0,-98.7719298245614,-19.96875,"Check transactions, valuation, reclassification, and revisions."
2025-11,South Africa,55719,Agency bonds,LARGE_UNEXPLAINED_RESIDUAL,HIGH,1.0,-569.0,10.0,-16.0,-563.0,-98.7719298245614,-19.96875,"Check source data, revisions, and other adjustments."
2025-11,Jersey,13007,Treasuries,UNUSUAL_POSITION_CHANGE,HIGH,3874.0,-1154.0,2.0,-795.0,-361.0,-7.179793158313445,-19.87245625,"Check transactions, valuation, reclassification, and revisions."
2025-11,Mauritius,53805,Corporate bonds,UNUSUAL_POSITION_CHANGE,HIGH,687.0,-519.0,-1.0,3.0,-521.0,-43.20066334991708,-14.881156249999998,"Check transactions, valuation, reclassification, and revisions."
2025-11,Mauritius,53805,Corporate bonds,LARGE_UNEXPLAINED_RESIDUAL,HIGH,687.0,-519.0,-1.0,3.0,-521.0,-43.20066334991708,-14.881156249999998,"Check source data, revisions, and other adjustments."
2025-11,Jersey,13007,Corporate bonds,UNUSUAL_POSITION_CHANGE,HIGH,3930.0,-567.0,31.0,-636.0,38.0,0.8450077829664221,-7.357619266055046,"Check transactions, valuation, reclassification, and revisions."
2025-11,South Africa,55719,Treasuries,LARGE_UNEXPLAINED_RESIDUAL,HIGH,5845.0,-2301.0,-129.0,27.0,-2199.0,-26.994844095261477,-3.227373467112597,"Check source data, revisions, and other adjustments."
2025-11,Kazakhstan,16543,Treasuries,LARGE_UNEXPLAINED_RESIDUAL,HIGH,3102.0,-587.0,38.0,38.0,-663.0,-17.972350230414747,-2.169581550802139,"Check source data, revisions, and other adjustments."
2025-11,Ukraine,16403,Treasuries,LARGE_UNEXPLAINED_RESIDUAL,HIGH,11500.0,-2112.0,-81.0,-588.0,-1443.0,-10.600940346752866,-1.3584817891373802,"Check source data, revisions, and other adjustments."
2025-11,Mauritius,53805,Treasuries,LARGE_UNEXPLAINED_RESIDUAL,HIGH,1685.0,282.0,-46.0,-764.0,1092.0,77.83321454027084,1.1282545454545454,"Check source data, revisions, and other adjustments."
2025-11,Germany,11002,Agency bonds,LARGE_UNEXPLAINED_RESIDUAL,HIGH,3887.0,-80.0,1290.0,-183.0,-1187.0,-29.921855306276782,-0.43155213270142184,"Check source data, revisions, and other adjustments."
2025-10,Jersey,13007,Treasuries,LARGE_UNEXPLAINED_RESIDUAL,MEDIUM,5028.0,-372.0,175.0,-9.0,-538.0,-9.962962962962964,-7.025311688311688,"Check source data, revisions, and other adjustments."
2025-10,Argentina,30104,Treasuries,UNUSUAL_POSITION_CHANGE,MEDIUM,4884.0,815.0,917.0,-27.0,-75.0,-1.8432047186040796,5.1768730964467,"Check transactions, valuation, reclassification, and revisions."
2025-10,Belgium,10251,Treasuries,LARGE_UNEXPLAINED_RESIDUAL,MEDIUM,391803.0,12301.0,-14485.0,367.0,26419.0,6.9614916390427455,0.8199549273586557,"Check source data, revisions, and other adjustments."
2025-10,Uruguay,32603,Treasuries,LARGE_UNEXPLAINED_RESIDUAL,MEDIUM,12096.0,373.0,485.0,559.0,-671.0,-5.723790838522563,0.5061866913123845,"Check source data, revisions, and other adjustments."
2025-10,Saudi Arabia,45608,Treasuries,LARGE_UNEXPLAINED_RESIDUAL,MEDIUM,106258.0,241.0,205.0,5999.0,-5963.0,-5.624569644490978,-0.3956615770282589,"Check source data, revisions, and other adjustments."
2025-10,British Virgin Islands,35807,Agency bonds,UNUSUAL_POSITION_CHANGE,HIGH,38929.0,-1986.0,-164.0,-274.0,-1548.0,-3.7834535011609436,-13.423872549019606,"Check transactions, valuation, reclassification, and revisions."
2025-10,Singapore,46019,Agency bonds,UNUSUAL_POSITION_CHANGE,HIGH,30472.0,6216.0,6563.0,-388.0,41.0,0.16903034300791556,11.412619822485206,"Check transactions, valuation, reclassification, and revisions."
2025-10,South Africa,55719,Treasuries,LARGE_UNEXPLAINED_RESIDUAL,HIGH,8146.0,-1818.0,585.0,17.0,-2420.0,-24.287434765154558,-2.5009888517279824,"Check source data, revisions, and other adjustments."
2025-10,Mauritius,53805,Treasuries,LARGE_UNEXPLAINED_RESIDUAL,HIGH,1403.0,-160.0,-99.0,-713.0,652.0,41.7146513115803,-0.837003300330033,"Check source data, revisions, and other adjustments."
2025-09,Singapore,46019,Agency bonds,UNUSUAL_POSITION_CHANGE,MEDIUM,24256.0,3266.0,3471.0,-228.0,23.0,0.1095759885659838,6.037362916006339,"Check transactions, valuation, reclassification, and revisions."
2025-09,Hong Kong,42005,Agency bonds,UNUSUAL_POSITION_CHANGE,HIGH,13984.0,2173.0,2277.0,86.0,-190.0,-1.6086698840064346,8.077447852760736,"Check transactions, valuation, reclassification, and revisions."
2025-09,Ukraine,16403,Treasuries,LARGE_UNEXPLAINED_RESIDUAL,HIGH,11261.0,-2206.0,-254.0,153.0,-2105.0,-15.630801217791639,-1.4543770174306003,"Check source data, revisions, and other adjustments."
2025-09,Switzerland,12688,Agency bonds,LARGE_UNEXPLAINED_RESIDUAL,HIGH,8037.0,-208.0,702.0,-30.0,-880.0,-10.673135233474833,-0.7871704288939052,"Check source data, revisions, and other adjustments."
2025-08,Colombia,30503,Corporate bonds,UNUSUAL_POSITION_CHANGE,MEDIUM,12562.0,744.0,561.0,42.0,141.0,1.1930952783888984,6.749651724137931,"Check transactions, valuation, reclassification, and revisions."
2025-08,Singapore,46019,Agency bonds,UNUSUAL_POSITION_CHANGE,MEDIUM,20990.0,2849.0,2842.0,45.0,-38.0,-0.20947026073535085,4.635433425797504,"Check transactions, valuation, reclassification, and revisions."
2025-08,Brazil,30309,Treasuries,UNUSUAL_POSITION_CHANGE,MEDIUM,183112.0,-15511.0,-16826.0,1200.0,115.0,0.05789863208188377,-4.60514909919238,"Check transactions, valuation, reclassification, and revisions."
2025-08,New Zealand,61689,Equities,LARGE_UNEXPLAINED_RESIDUAL,MEDIUM,55296.0,-4055.0,-441.0,1027.0,-4641.0,-7.819581809910532,-2.9124804517810596,"Check source data, revisions, and other adjustments."
2025-08,New Zealand,61689,Treasuries,LARGE_UNEXPLAINED_RESIDUAL,MEDIUM,12083.0,-770.0,217.0,133.0,-1120.0,-8.713918929432817,-2.266042808219178,"Check source data, revisions, and other adjustments."
2025-08,Belgium,10251,Treasuries,LARGE_UNEXPLAINED_RESIDUAL,MEDIUM,378105.0,24768.0,-272.0,1238.0,23802.0,6.736345188870682,2.055455836197878,"Check source data, revisions, and other adjustments."
2025-08,Malaysia,43605,Corporate bonds,UNUSUAL_POSITION_CHANGE,HIGH,1727.0,-528.0,-423.0,-64.0,-41.0,-1.8181818181818181,-13.539962962962964,"Check transactions, valuation, reclassification, and revisions."
2025-08,New Zealand,61689,Corporate bonds,UNUSUAL_POSITION_CHANGE,HIGH,2775.0,-1023.0,7.0,1.0,-1031.0,-27.145866245392313,-13.187420560747665,"Check transactions, valuation, reclassification, and revisions."
2025-08,New Zealand,61689,Corporate bonds,LARGE_UNEXPLAINED_RESIDUAL,HIGH,2775.0,-1023.0,7.0,1.0,-1031.0,-27.145866245392313,-13.187420560747665,"Check source data, revisions, and other adjustments."
2025-08,British Virgin Islands,35807,Agency bonds,UNUSUAL_POSITION_CHANGE,HIGH,40873.0,1879.0,1851.0,75.0,-47.0,-0.12053136379955891,10.942875,"Check transactions, valuation, reclassification, and revisions."
2025-08,Turkey,12807,Treasuries,UNUSUAL_POSITION_CHANGE,HIGH,7340.0,1587.0,1568.0,24.0,-5.0,-0.08691117677733357,9.882747549019609,"Check transactions, valuation, reclassification, and revisions."
2025-08,Jersey,13007,Treasuries,UNUSUAL_POSITION_CHANGE,HIGH,5345.0,503.0,495.0,90.0,-82.0,-1.6935150764147047,8.052364197530864,"Check transactions, valuation, reclassification, and revisions."
2025-08,Mauritius,53805,Treasuries,LARGE_UNEXPLAINED_RESIDUAL,HIGH,1726.0,-47.0,67.0,-774.0,660.0,37.22504230118443,-0.6209182242990654,"Check source data, revisions, and other adjustments."
2025-07,Spain,12505,Treasuries,UNUSUAL_POSITION_CHANGE,MEDIUM,72668.0,13172.0,13410.0,648.0,-886.0,-1.4891757429070862,4.811394998579141,"Check transactions, valuation, reclassification, and revisions."
2025-07,United Kingdom,13005,Agency bonds,LARGE_UNEXPLAINED_RESIDUAL,MEDIUM,67498.0,13028.0,8419.0,1873.0,2736.0,5.0229484119698915,2.2969801530023095,"Check source data, revisions, and other adjustments."
2025-07,Uruguay,32603,Treasuries,LARGE_UNEXPLAINED_RESIDUAL,MEDIUM,12255.0,-423.0,-327.0,729.0,-825.0,-6.507335541883577,-1.6674442379182157,"Check source data, revisions, and other adjustments."
2025-07,International,72907,Treasuries,LARGE_UNEXPLAINED_RESIDUAL,MEDIUM,45454.0,3806.0,1317.0,-97.0,2586.0,6.209181713407607,0.4779129624700559,"Check source data, revisions, and other adjustments."
2025-07,British Virgin Islands,35807,Agency bonds,UNUSUAL_POSITION_CHANGE,HIGH,38994.0,-5929.0,-5163.0,-650.0,-116.0,-0.25821962023907574,-40.08073631840796,"Check transactions, valuation, reclassification, and revisions."
2025-07,Germany,11002,Agency bonds,LARGE_UNEXPLAINED_RESIDUAL,HIGH,4299.0,462.0,-105.0,-54.0,621.0,16.184519155590305,2.628320247933884,"Check source data, revisions, and other adjustments."
2025-07,Australia,60089,Agency bonds,LARGE_UNEXPLAINED_RESIDUAL,HIGH,7508.0,1583.0,542.0,-89.0,1130.0,19.071729957805907,1.3378281573498962,"Check source data, revisions, and other adjustments."
2025-07,Hong Kong,42005,Agency bonds,LARGE_UNEXPLAINED_RESIDUAL,HIGH,11677.0,443.0,807.0,-2290.0,1926.0,17.144383122663342,0.838873949579832,"Check source data, revisions, and other adjustments."
2025-06,United Arab Emirates,46604,Corporate bonds,UNUSUAL_POSITION_CHANGE,MEDIUM,4528.0,-616.0,-31.0,3.0,-588.0,-11.430793157076206,-4.279052752293578,"Check transactions, valuation, reclassification, and revisions."
2025-06,Hong Kong,42005,Agency bonds,UNUSUAL_POSITION_CHANGE,MEDIUM,11234.0,1209.0,611.0,306.0,292.0,2.9127182044887783,4.204454258675079,"Check transactions, valuation, reclassification, and revisions."
2025-06,"China, Mainland",41408,Corporate bonds,LARGE_UNEXPLAINED_RESIDUAL,MEDIUM,16389.0,-1778.0,-206.0,99.0,-1671.0,-9.197996367039137,-2.500746810598626,"Check source data, revisions, and other adjustments."
2025-06,Singapore,46019,Corporate bonds,LARGE_UNEXPLAINED_RESIDUAL,MEDIUM,90300.0,-3980.0,955.0,928.0,-5863.0,-6.218710224862113,-2.4493704379562042,"Check source data, revisions, and other adjustments."
2025-06,Indonesia,42218,Treasuries,LARGE_UNEXPLAINED_RESIDUAL,MEDIUM,26806.0,1483.0,-787.0,52.0,2218.0,8.758835840935118,0.8971330071174377,"Check source data, revisions, and other adjustments."
2025-06,Colombia,30503,Equities,LARGE_UNEXPLAINED_RESIDUAL,MEDIUM,38159.0,932.0,2041.0,1249.0,-2358.0,-6.334112337819325,0.41983729372937295,"Check source data, revisions, and other adjustments."
2025-06,British Virgin Islands,35807,Agency bonds,UNUSUAL_POSITION_CHANGE,HIGH,44923.0,2889.0,2690.0,209.0,-10.0,-0.023790265023552363,19.100766169154227,"Check transactions, valuation, reclassification, and revisions."
2025-06,United Arab Emirates,46604,Corporate bonds,LARGE_UNEXPLAINED_RESIDUAL,HIGH,4528.0,-616.0,-31.0,3.0,-588.0,-11.430793157076206,-4.279052752293578,"Check source data, revisions, and other adjustments."
2025-06,Argentina,30104,Treasuries,LARGE_UNEXPLAINED_RESIDUAL,HIGH,3420.0,-295.0,277.0,-17.0,-555.0,-14.939434724091521,-2.860673529411765,"Check source data, revisions, and other adjustments."
2025-06,Ukraine,16403,Treasuries,LARGE_UNEXPLAINED_RESIDUAL,HIGH,12952.0,-2503.0,440.0,-60.0,-2883.0,-18.654157230669686,-1.6843446327683615,"Check source data, revisions, and other adjustments."
2025-06,Australia,60089,Agency bonds,LARGE_UNEXPLAINED_RESIDUAL,HIGH,5925.0,-1839.0,-991.0,3.0,-851.0,-10.96084492529624,-1.195293565683646,"Check source data, revisions, and other adjustments."
2025-06,Mauritius,53805,Treasuries,LARGE_UNEXPLAINED_RESIDUAL,HIGH,1643.0,-42.0,63.0,-822.0,717.0,42.55192878338279,-0.5277468619246862,"Check source data, revisions, and other adjustments."
2025-05,Argentina,30104,Treasuries,UNUSUAL_POSITION_CHANGE,MEDIUM,3715.0,715.0,776.0,-20.0,-41.0,-1.3666666666666667,6.540151851851851,"Check transactions, valuation, reclassification, and revisions."
2025-05,Saudi Arabia,45608,Corporate bonds,UNUSUAL_POSITION_CHANGE,MEDIUM,11028.0,-1691.0,-1675.0,-1823.0,1807.0,14.207091752496265,-5.470774886877828,"Check transactions, valuation, reclassification, and revisions."
2025-05,Ukraine,16403,Treasuries,UNUSUAL_POSITION_CHANGE,MEDIUM,15455.0,3812.0,3827.0,223.0,-238.0,-2.0441466975865326,4.30049668386146,"Check transactions, valuation, reclassification, and revisions."
2025-05,South Africa,55719,Treasuries,LARGE_UNEXPLAINED_RESIDUAL,MEDIUM,9849.0,-1617.0,-787.0,-35.0,-795.0,-6.933542647828362,-2.2452631302521007,"Check source data, revisions, and other adjustments."
2025-05,Hong Kong,42005,Equities,LARGE_UNEXPLAINED_RESIDUAL,MEDIUM,249546.0,24077.0,-3177.0,14530.0,12724.0,5.643347866003753,2.084645782674772,"Check source data, revisions, and other adjustments."
2025-05,Saudi Arabia,45608,Agency bonds,UNUSUAL_POSITION_CHANGE,HIGH,3739.0,-2264.0,-2143.0,-2237.0,2116.0,35.24904214559387,-11.289259124087591,"Check transactions, valuation, reclassification, and revisions."
2025-05,Saudi Arabia,45608,Agency bonds,LARGE_UNEXPLAINED_RESIDUAL,HIGH,3739.0,-2264.0,-2143.0,-2237.0,2116.0,35.24904214559387,-11.289259124087591,"Check source data, revisions, and other adjustments."
2025-05,British Virgin Islands,35807,Agency bonds,UNUSUAL_POSITION_CHANGE,HIGH,42034.0,1079.0,1728.0,-586.0,-63.0,-0.1538273715053107,7.241264248704663,"Check transactions, valuation, reclassification, and revisions."
2025-05,Saudi Arabia,45608,Corporate bonds,LARGE_UNEXPLAINED_RESIDUAL,HIGH,11028.0,-1691.0,-1675.0,-1823.0,1807.0,14.207091752496265,-5.470774886877828,"Check source data, revisions, and other adjustments."
2025-05,United Arab Emirates,46604,Treasuries,LARGE_UNEXPLAINED_RESIDUAL,HIGH,37410.0,-5146.0,1797.0,-305.0,-6638.0,-15.598270514146066,-0.9649916585681892,"Check source data, revisions, and other adjustments."
2025-05,Mauritius,53805,Treasuries,LARGE_UNEXPLAINED_RESIDUAL,HIGH,1685.0,62.0,102.0,-764.0,724.0,44.60874922982132,0.08184309623430963,"Check source data, revisions, and other adjustments."
2025-04,Spain,12505,Treasuries,UNUSUAL_POSITION_CHANGE,MEDIUM,65864.0,8003.0,7985.0,362.0,-344.0,-0.5945282660168334,4.254497429814156,"Check transactions, valuation, reclassification, and revisions."
2025-04,Canada,29998,Treasuries,UNUSUAL_POSITION_CHANGE,MEDIUM,333237.0,-56680.0,-57710.0,-201.0,1231.0,0.3157082148252064,-4.057803093325684,"Check transactions, valuation, reclassification, and revisions."
2025-04,Italy,11509,Corporate bonds,LARGE_UNEXPLAINED_RESIDUAL,MEDIUM,24898.0,-1199.0,-110.0,506.0,-1595.0,-6.111813618423573,-2.7391908396946563,"Check source data, revisions, and other adjustments."
2025-04,Ireland,11401,Treasuries,LARGE_UNEXPLAINED_RESIDUAL,MEDIUM,233979.0,13085.0,1660.0,-610.0,12035.0,5.44831457622208,2.2036080813789205,"Check source data, revisions, and other adjustments."
2025-04,Hong Kong,42005,Treasuries,LARGE_UNEXPLAINED_RESIDUAL,MEDIUM,193164.0,-9812.0,8527.0,66.0,-18405.0,-9.067574491565505,-0.948303959577984,"Check source data, revisions, and other adjustments."
2025-04,Belgium,10251,Treasuries,LARGE_UNEXPLAINED_RESIDUAL,MEDIUM,350210.0,10975.0,-15476.0,1454.0,24997.0,7.368638259613542,0.847972482705611,"Check source data, revisions, and other adjustments."
2025-04,Turkey,12807,Treasuries,UNUSUAL_POSITION_CHANGE,HIGH,5052.0,-7172.0,-7264.0,92.0,0.0,0.0,-53.53981967213115,"Check transactions, valuation, reclassification, and revisions."
2025-04,Jersey,13007,Treasuries,UNUSUAL_POSITION_CHANGE,HIGH,5000.0,1256.0,944.0,-356.0,668.0,17.84188034188034,14.674773913043477,"Check transactions, valuation, reclassification, and revisions."
2025-04,Jersey,13007,Treasuries,LARGE_UNEXPLAINED_RESIDUAL,HIGH,5000.0,1256.0,944.0,-356.0,668.0,17.84188034188034,14.674773913043477,"Check source data, revisions, and other adjustments."
2025-04,British Virgin Islands,35807,Agency bonds,UNUSUAL_POSITION_CHANGE,HIGH,40955.0,885.0,1039.0,-61.0,-93.0,-0.2320938357873721,7.212934375000001,"Check transactions, valuation, reclassification, and revisions."
2025-04,Mauritius,53805,Treasuries,LARGE_UNEXPLAINED_RESIDUAL,HIGH,1623.0,650.0,14.0,1.0,635.0,65.26207605344295,3.8690069444444446,"Check source data, revisions, and other adjustments."
2025-04,Ukraine,16403,Treasuries,LARGE_UNEXPLAINED_RESIDUAL,HIGH,11643.0,-2856.0,295.0,131.0,-3282.0,-22.636043865094145,-1.8987561374795419,"Check source data, revisions, and other adjustments."
2025-03,Mexico,31704,Treasuries,UNUSUAL_POSITION_CHANGE,MEDIUM,76777.0,-11370.0,-11436.0,68.0,-2.0,-0.0022689371164078187,-6.521491163475699,"Check transactions, valuation, reclassification, and revisions."
2025-03,Saudi Arabia,45608,Agency bonds,UNUSUAL_POSITION_CHANGE,MEDIUM,5942.0,-1131.0,-1206.0,-1718.0,1793.0,25.349922239502334,-5.711094890510949,"Check transactions, valuation, reclassification, and revisions."
2025-03,Turkey,12807,Treasuries,UNUSUAL_POSITION_CHANGE,MEDIUM,12224.0,-617.0,-634.0,19.0,-2.0,-0.01557511097266568,-4.734533816425121,"Check transactions, valuation, reclassification, and revisions."
2025-03,Spain,12505,Equities,UNUSUAL_POSITION_CHANGE,MEDIUM,64431.0,-7032.0,-3915.0,-2974.0,-143.0,-0.20010355008885716,-4.490339983200336,"Check transactions, valuation, reclassification, and revisions."
2025-03,Saudi Arabia,45608,Corporate bonds,LARGE_UNEXPLAINED_RESIDUAL,MEDIUM,12719.0,-682.0,-830.0,-975.0,1123.0,8.37997164390717,-3.0399210526315787,"Check source data, revisions, and other adjustments."
2025-03,Guernsey,13006,Treasuries,LARGE_UNEXPLAINED_RESIDUAL,MEDIUM,8132.0,301.0,155.0,-373.0,519.0,6.627506065636573,0.5727333333333333,"Check source data, revisions, and other adjustments."
2025-03,Portugal,12319,Equities,UNUSUAL_POSITION_CHANGE,HIGH,11733.0,3150.0,3409.0,-309.0,50.0,0.5825468950250495,9.652327586206896,"Check transactions, valuation, reclassification, and revisions."
2025-03,Mexico,31704,Agency bonds,UNUSUAL_POSITION_CHANGE,HIGH,6529.0,-2445.0,-2341.0,-109.0,5.0,0.05571651437486071,-8.092313749999999,"Check transactions, valuation, reclassification, and revisions."
2025-03,Saudi Arabia,45608,Agency bonds,LARGE_UNEXPLAINED_RESIDUAL,HIGH,5942.0,-1131.0,-1206.0,-1718.0,1793.0,25.349922239502334,-5.711094890510949,"Check source data, revisions, and other adjustments."
2025-03,Ukraine,16403,Treasuries,LARGE_UNEXPLAINED_RESIDUAL,HIGH,14499.0,-98.0,2564.0,19.0,-2681.0,-18.366787696101937,0.3522812303829253,"Check source data, revisions, and other adjustments."
2025-02,Saudi Arabia,45608,Agency bonds,UNUSUAL_POSITION_CHANGE,MEDIUM,7073.0,-1063.0,-1171.0,109.0,-1.0,-0.012291052114060964,-6.815196832579185,"Check transactions, valuation, reclassification, and revisions."
2025-02,Poland,15768,Equities,UNUSUAL_POSITION_CHANGE,MEDIUM,3679.0,-1134.0,-1118.0,-75.0,59.0,1.2258466652815292,-5.349710784313726,"Check transactions, valuation, reclassification, and revisions."
2025-02,New Zealand,61689,Treasuries,UNUSUAL_POSITION_CHANGE,MEDIUM,10681.0,1429.0,220.0,208.0,1001.0,10.819282317336793,4.466378238341969,"Check transactions, valuation, reclassification, and revisions."
2025-02,Sweden,12602,Corporate bonds,UNUSUAL_POSITION_CHANGE,MEDIUM,9405.0,-1095.0,-74.0,-92.0,-929.0,-8.847619047619048,-4.216966843501326,"Check transactions, valuation, reclassification, and revisions."
2025-02,Sweden,12602,Corporate bonds,LARGE_UNEXPLAINED_RESIDUAL,MEDIUM,9405.0,-1095.0,-74.0,-92.0,-929.0,-8.847619047619048,-4.216966843501326,"Check source data, revisions, and other adjustments."
2025-02,Mauritius,53805,Treasuries,UNUSUAL_POSITION_CHANGE,MEDIUM,929.0,-508.0,107.0,-587.0,-28.0,-1.9485038274182325,-4.061988888888889,"Check transactions, valuation, reclassification, and revisions."
2025-02,Uruguay,32603,Treasuries,LARGE_UNEXPLAINED_RESIDUAL,MEDIUM,12825.0,-30.0,-13.0,911.0,-928.0,-7.218980941267989,-1.30995,"Check source data, revisions, and other adjustments."
2025-02,Ukraine,16403,Treasuries,LARGE_UNEXPLAINED_RESIDUAL,MEDIUM,14597.0,-1064.0,1081.0,-844.0,-1301.0,-8.307260072792287,-0.5098378896882494,"Check source data, revisions, and other adjustments."
2025-02,British Virgin Islands,35807,Agency bonds,UNUSUAL_POSITION_CHANGE,HIGH,39927.0,1072.0,735.0,354.0,-17.0,-0.04375241281688328,11.817920168067227,"Check transactions, valuation, reclassification, and revisions."
2025-02,Turkey,12807,Treasuries,UNUSUAL_POSITION_CHANGE,HIGH,12841.0,979.0,932.0,44.0,3.0,0.025290844714213456,7.046541176470589,"Check transactions, valuation, reclassification, and revisions."
2025-02,New Zealand,61689,Treasuries,LARGE_UNEXPLAINED_RESIDUAL,HIGH,10681.0,1429.0,220.0,208.0,1001.0,10.819282317336793,4.466378238341969,"Check source data, revisions, and other adjustments."
2025-02,France,10804,Agency bonds,LARGE_UNEXPLAINED_RESIDUAL,HIGH,28936.0,-3171.0,-1825.0,3628.0,-4974.0,-15.491948796212665,-1.7154491341991343,"Check source data, revisions, and other adjustments."
2025-01,Mauritius,53805,Treasuries,UNUSUAL_POSITION_CHANGE,MEDIUM,1437.0,-581.0,24.0,-990.0,385.0,19.078295341922697,-5.38724025974026,"Check transactions, valuation, reclassification, and revisions."
2025-01,Finland,10707,Treasuries,UNUSUAL_POSITION_CHANGE,MEDIUM,7844.0,1123.0,1163.0,16.0,-56.0,-0.8332093438476417,5.250424460431654,"Check transactions, valuation, reclassification, and revisions."
2025-01,Colombia,30503,Equities,UNUSUAL_POSITION_CHANGE,MEDIUM,35366.0,4511.0,4210.0,982.0,-681.0,-2.2070977151191054,4.479357779578606,"Check transactions, valuation, reclassification, and revisions."
2025-01,Philippines,44806,Treasuries,UNUSUAL_POSITION_CHANGE,MEDIUM,54860.0,-5366.0,-5074.0,248.0,-540.0,-0.8966227210839173,-4.443808913649025,"Check transactions, valuation, reclassification, and revisions."
2025-01,Poland,15768,Equities,UNUSUAL_POSITION_CHANGE,MEDIUM,4813.0,1057.0,1012.0,104.0,-59.0,-1.5708200212992545,4.439890572390572,"Check transactions, valuation, reclassification, and revisions."
2025-01,International,72907,Treasuries,LARGE_UNEXPLAINED_RESIDUAL,MEDIUM,41148.0,-12628.0,-1401.0,-8403.0,-2824.0,-5.25141326986016,-2.3763153846153844,"Check source data, revisions, and other adjustments."
2025-01,United Kingdom,13005,Agency bonds,LARGE_UNEXPLAINED_RESIDUAL,MEDIUM,57440.0,9581.0,12360.0,1459.0,-4238.0,-8.855178754257297,2.1275926520589348,"Check source data, revisions, and other adjustments."
2025-01,Belgium,10251,Treasuries,LARGE_UNEXPLAINED_RESIDUAL,MEDIUM,315775.0,10404.0,-6503.0,1573.0,15334.0,5.021432945499082,1.1284800159872101,"Check source data, revisions, and other adjustments."
2025-01,Russia,16101,Equities,UNUSUAL_POSITION_CHANGE,HIGH,2259.0,1699.0,4.0,1697.0,-2.0,-0.35714285714285715,46.746979591836734,"Check transactions, valuation, reclassification, and revisions."
2025-01,Portugal,12319,Treasuries,UNUSUAL_POSITION_CHANGE,HIGH,1413.0,-4052.0,-37.0,-3180.0,-835.0,-15.279048490393413,-27.19265024630542,"Check transactions, valuation, reclassification, and revisions."
2025-01,Portugal,12319,Treasuries,LARGE_UNEXPLAINED_RESIDUAL,HIGH,1413.0,-4052.0,-37.0,-3180.0,-835.0,-15.279048490393413,-27.19265024630542,"Check source data, revisions, and other adjustments."
2025-01,Poland,15768,Corporate bonds,UNUSUAL_POSITION_CHANGE,HIGH,89.0,-1210.0,-1153.0,1.0,-58.0,-4.464973056197075,-20.86681012658228,"Check transactions, valuation, reclassification, and revisions."
2025-01,Turkey,12807,Treasuries,UNUSUAL_POSITION_CHANGE,HIGH,11862.0,2297.0,2315.0,-12.0,-6.0,-0.06272869837950862,20.280574324324323,"Check transactions, valuation, reclassification, and revisions."
2025-01,Portugal,12319,Equities,UNUSUAL_POSITION_CHANGE,HIGH,8587.0,-3145.0,94.0,-337.0,-2902.0,-24.735765427889532,-11.458131513647642,"Check transactions, valuation, reclassification, and revisions."
2025-01,Portugal,12319,Equities,LARGE_UNEXPLAINED_RESIDUAL,HIGH,8587.0,-3145.0,94.0,-337.0,-2902.0,-24.735765427889532,-11.458131513647642,"Check source data, revisions, and other adjustments."
2025-01,Jersey,13007,Corporate bonds,UNUSUAL_POSITION_CHANGE,HIGH,4690.0,541.0,-99.0,-2.0,642.0,15.473608098336948,7.822649425287357,"Check transactions, valuation, reclassification, and revisions."
2025-01,Jersey,13007,Corporate bonds,LARGE_UNEXPLAINED_RESIDUAL,HIGH,4690.0,541.0,-99.0,-2.0,642.0,15.473608098336948,7.822649425287357,"Check source data, revisions, and other adjustments."
2025-01,Panama,31887,Corporate bonds,UNUSUAL_POSITION_CHANGE,HIGH,11912.0,-2455.0,33.0,-2429.0,-59.0,-0.41066332567689845,-7.7651462655601655,"Check transactions, valuation, reclassification, and revisions."
2025-01,Indonesia,42218,Treasuries,LARGE_UNEXPLAINED_RESIDUAL,HIGH,24252.0,-3356.0,236.0,16.0,-3608.0,-13.068675746160533,-2.87321802518224,"Check source data, revisions, and other adjustments."
2024-12,Malaysia,43605,Treasuries,UNUSUAL_POSITION_CHANGE,MEDIUM,12360.0,-1816.0,-1542.0,-263.0,-11.0,-0.07759593679458239,-5.853008163265306,"Check transactions, valuation, reclassification, and revisions."
2024-12,Brazil,30309,Treasuries,UNUSUAL_POSITION_CHANGE,MEDIUM,200720.0,-26949.0,-26232.0,-551.0,-166.0,-0.07291286912139992,-5.67064418423107,"Check transactions, valuation, reclassification, and revisions."
2024-12,Bermuda,35602,Agency bonds,UNUSUAL_POSITION_CHANGE,MEDIUM,26947.0,-2326.0,-37.0,-590.0,-1699.0,-5.803983192703174,-5.516852220520674,"Check transactions, valuation, reclassification, and revisions."
2024-12,Bermuda,35602,Agency bonds,LARGE_UNEXPLAINED_RESIDUAL,MEDIUM,26947.0,-2326.0,-37.0,-590.0,-1699.0,-5.803983192703174,-5.516852220520674,"Check source data, revisions, and other adjustments."
2024-12,Poland,15768,Equities,UNUSUAL_POSITION_CHANGE,MEDIUM,3756.0,-1022.0,-950.0,-90.0,18.0,0.37672666387609877,-5.003109427609427,"Check transactions, valuation, reclassification, and revisions."
2024-12,Colombia,30503,Equities,LARGE_UNEXPLAINED_RESIDUAL,MEDIUM,30855.0,-2307.0,-282.0,-104.0,-1921.0,-5.792774862794765,-3.027220238095238,"Check source data, revisions, and other adjustments."
2024-12,Belgium,10251,Agency bonds,LARGE_UNEXPLAINED_RESIDUAL,MEDIUM,15877.0,-1375.0,-25.0,-469.0,-881.0,-5.1066543009506145,-3.011265602322206,"Check source data, revisions, and other adjustments."
2024-12,Canada,29998,Agency bonds,LARGE_UNEXPLAINED_RESIDUAL,MEDIUM,166541.0,11888.0,2840.0,-116.0,9164.0,5.925523591524251,2.388977973568282,"Check source data, revisions, and other adjustments."
2024-12,Argentina,30104,Treasuries,UNUSUAL_POSITION_CHANGE,HIGH,2803.0,-750.0,228.0,-27.0,-951.0,-26.76611314382212,-9.419741379310345,"Check transactions, valuation, reclassification, and revisions."
2024-12,Argentina,30104,Treasuries,LARGE_UNEXPLAINED_RESIDUAL,HIGH,2803.0,-750.0,228.0,-27.0,-951.0,-26.76611314382212,-9.419741379310345,"Check source data, revisions, and other adjustments."
2024-12,Kazakhstan,16543,Treasuries,LARGE_UNEXPLAINED_RESIDUAL,HIGH,3624.0,773.0,105.0,-22.0,690.0,24.202034373903892,2.525453488372093,"Check source data, revisions, and other adjustments."
2024-12,United Kingdom,13005,Agency bonds,LARGE_UNEXPLAINED_RESIDUAL,HIGH,47859.0,-8050.0,417.0,-387.0,-8080.0,-14.452056019603283,-2.4897083913302844,"Check source data, revisions, and other adjustments."
2024-12,International,72907,Treasuries,LARGE_UNEXPLAINED_RESIDUAL,HIGH,53776.0,-9538.0,5213.0,-3225.0,-11526.0,-18.204504532962694,-1.9368810790273556,"Check source data, revisions, and other adjustments."
2024-12,Mauritius,53805,Treasuries,LARGE_UNEXPLAINED_RESIDUAL,HIGH,2018.0,170.0,-16.0,-997.0,1183.0,64.01515151515152,1.463,"Check source data, revisions, and other adjustments."
2024-11,Spain,12505,Corporate bonds,UNUSUAL_POSITION_CHANGE,MEDIUM,6648.0,-568.0,-632.0,-193.0,257.0,3.561529933481153,-4.935091666666667,"Check transactions, valuation, reclassification, and revisions."
2024-11,Switzerland,12688,Agency bonds,LARGE_UNEXPLAINED_RESIDUAL,MEDIUM,9752.0,-922.0,-172.0,-56.0,-694.0,-6.501780026231965,-2.599172161172161,"Check source data, revisions, and other adjustments."
2024-11,France,10804,Agency bonds,LARGE_UNEXPLAINED_RESIDUAL,MEDIUM,25667.0,-1742.0,95.0,31.0,-1868.0,-6.815279652668831,-1.0217464898595943,"Check source data, revisions, and other adjustments."
2024-11,Kazakhstan,16543,Corporate bonds,UNUSUAL_POSITION_CHANGE,HIGH,2638.0,2217.0,1.0,-87.0,2303.0,547.0308788598575,119.44046,"Check transactions, valuation, reclassification, and revisions."
2024-11,Kazakhstan,16543,Corporate bonds,LARGE_UNEXPLAINED_RESIDUAL,HIGH,2638.0,2217.0,1.0,-87.0,2303.0,547.0308788598575,119.44046,"Check source data, revisions, and other adjustments."
2024-11,Mauritius,53805,Treasuries,LARGE_UNEXPLAINED_RESIDUAL,HIGH,1848.0,0.0,43.0,-1009.0,966.0,52.27272727272727,-0.12847619047619047,"Check source data, revisions, and other adjustments."
2024-10,Ireland,11401,Treasuries,UNUSUAL_POSITION_CHANGE,MEDIUM,219333.0,-31657.0,-25680.0,-3204.0,-2773.0,-1.1048248934220486,-6.486854427645788,"Check transactions, valuation, reclassification, and revisions."
2024-10,Kuwait,43109,Corporate bonds,UNUSUAL_POSITION_CHANGE,MEDIUM,33785.0,4170.0,4810.0,-397.0,-243.0,-0.8205301367550228,5.972502270147559,"Check transactions, valuation, reclassification, and revisions."
2024-10,Guatemala,31208,Agency bonds,UNUSUAL_POSITION_CHANGE,MEDIUM,3382.0,524.0,671.0,-146.0,-1.0,-0.03498950314905528,5.051142857142858,"Check transactions, valuation, reclassification, and revisions."
2024-10,Romania,15806,Treasuries,UNUSUAL_POSITION_CHANGE,MEDIUM,10822.0,2018.0,2073.0,-54.0,-1.0,-0.011358473421172195,4.539816498316498,"Check transactions, valuation, reclassification, and revisions."
2024-10,International,72907,Treasuries,LARGE_UNEXPLAINED_RESIDUAL,MEDIUM,66239.0,10948.0,6431.0,-446.0,4963.0,8.976144399631043,2.1627060462759666,"Check source data, revisions, and other adjustments."
2024-10,Ukraine,16403,Treasuries,LARGE_UNEXPLAINED_RESIDUAL,MEDIUM,16360.0,-183.0,847.0,273.0,-1303.0,-7.876443208607871,0.15532872062663186,"Check source data, revisions, and other adjustments."
2024-10,Kazakhstan,16543,Corporate bonds,UNUSUAL_POSITION_CHANGE,HIGH,421.0,-2121.0,-15.0,-6.0,-2100.0,-82.61211644374508,-150.875,"Check transactions, valuation, reclassification, and revisions."
2024-10,Kazakhstan,16543,Corporate bonds,LARGE_UNEXPLAINED_RESIDUAL,HIGH,421.0,-2121.0,-15.0,-6.0,-2100.0,-82.61211644374508,-150.875,"Check source data, revisions, and other adjustments."
2024-10,Norway,12203,Agency bonds,UNUSUAL_POSITION_CHANGE,HIGH,96.0,-906.0,-891.0,4.0,-19.0,-1.8962075848303392,-64.326,"Check transactions, valuation, reclassification, and revisions."
2024-10,Turkey,12807,Treasuries,UNUSUAL_POSITION_CHANGE,HIGH,9034.0,4040.0,4116.0,-75.0,-1.0,-0.020024028834601523,51.09498095238095,"Check transactions, valuation, reclassification, and revisions."
2024-10,British Virgin Islands,35807,Agency bonds,UNUSUAL_POSITION_CHANGE,HIGH,38776.0,-805.0,778.0,-1197.0,-386.0,-0.9752153811172027,-12.570901098901098,"Check transactions, valuation, reclassification, and revisions."
2024-10,Mauritius,53805,Treasuries,LARGE_UNEXPLAINED_RESIDUAL,HIGH,1848.0,312.0,144.0,-892.0,1060.0,69.01041666666667,2.896953237410072,"Check source data, revisions, and other adjustments."
2024-09,Thailand,46418,Treasuries,UNUSUAL_POSITION_CHANGE,MEDIUM,52054.0,5274.0,4986.0,288.0,0.0,0.0,6.4390860165593375,"Check transactions, valuation, reclassification, and revisions."
2024-09,Italy,11509,Corporate bonds,UNUSUAL_POSITION_CHANGE,MEDIUM,24637.0,3713.0,783.0,265.0,2665.0,12.736570445421526,6.355539748953975,"Check transactions, valuation, reclassification, and revisions."
2024-09,"China, Mainland",41408,Corporate bonds,UNUSUAL_POSITION_CHANGE,MEDIUM,21992.0,-2644.0,-2672.0,81.0,-53.0,-0.2151323266764085,-4.155216483516483,"Check transactions, valuation, reclassification, and revisions."
2024-09,Ukraine,16403,Treasuries,LARGE_UNEXPLAINED_RESIDUAL,MEDIUM,16543.0,-1304.0,-74.0,74.0,-1304.0,-7.306550120468426,-0.6432553839902478,"Check source data, revisions, and other adjustments."
2024-09,Cayman Islands,36137,Treasuries,LARGE_UNEXPLAINED_RESIDUAL,MEDIUM,283459.0,7554.0,23773.0,900.0,-17119.0,-6.204671897935884,0.49522007218212105,"Check source data, revisions, and other adjustments."
2024-09,British Virgin Islands,35807,Agency bonds,UNUSUAL_POSITION_CHANGE,HIGH,39581.0,37465.0,279.0,6.0,37180.0,1757.0888468809073,561.0940666666667,"Check transactions, valuation, reclassification, and revisions."
2024-09,British Virgin Islands,35807,Agency bonds,LARGE_UNEXPLAINED_RESIDUAL,HIGH,39581.0,37465.0,279.0,6.0,37180.0,1757.0888468809073,561.0940666666667,"Check source data, revisions, and other adjustments."
2024-09,Bahamas,35319,Agency bonds,UNUSUAL_POSITION_CHANGE,HIGH,623.0,-36697.0,35.0,-2.0,-36730.0,-98.41907824222936,-66.8967483355526,"Check transactions, valuation, reclassification, and revisions."
2024-09,Bahamas,35319,Agency bonds,LARGE_UNEXPLAINED_RESIDUAL,HIGH,623.0,-36697.0,35.0,-2.0,-36730.0,-98.41907824222936,-66.8967483355526,"Check source data, revisions, and other adjustments."
2024-09,Israel,42501,Corporate bonds,UNUSUAL_POSITION_CHANGE,HIGH,20868.0,8558.0,467.0,131.0,7960.0,64.66287571080423,43.59020610687023,"Check transactions, valuation, reclassification, and revisions."
2024-09,Israel,42501,Corporate bonds,LARGE_UNEXPLAINED_RESIDUAL,HIGH,20868.0,8558.0,467.0,131.0,7960.0,64.66287571080423,43.59020610687023,"Check source data, revisions, and other adjustments."
2024-09,Bahamas,35319,Treasuries,UNUSUAL_POSITION_CHANGE,HIGH,6994.0,-9036.0,-1250.0,38.0,-7824.0,-48.808484092326886,-26.009617463617463,"Check transactions, valuation, reclassification, and revisions."
2024-09,Bahamas,35319,Treasuries,LARGE_UNEXPLAINED_RESIDUAL,HIGH,6994.0,-9036.0,-1250.0,38.0,-7824.0,-48.808484092326886,-26.009617463617463,"Check source data, revisions, and other adjustments."
2024-09,Indonesia,42218,Treasuries,UNUSUAL_POSITION_CHANGE,HIGH,27519.0,10761.0,8079.0,46.0,2636.0,15.729800692206707,9.923428571428571,"Check transactions, valuation, reclassification, and revisions."
2024-09,Indonesia,42218,Treasuries,LARGE_UNEXPLAINED_RESIDUAL,HIGH,27519.0,10761.0,8079.0,46.0,2636.0,15.729800692206707,9.923428571428571,"Check source data, revisions, and other adjustments."
2024-09,British Virgin Islands,35807,Treasuries,UNUSUAL_POSITION_CHANGE,HIGH,49368.0,9617.0,2645.0,213.0,6759.0,17.003345827777917,7.658073148148148,"Check transactions, valuation, reclassification, and revisions."
2024-09,British Virgin Islands,35807,Treasuries,LARGE_UNEXPLAINED_RESIDUAL,HIGH,49368.0,9617.0,2645.0,213.0,6759.0,17.003345827777917,7.658073148148148,"Check source data, revisions, and other adjustments."
2024-09,Italy,11509,Corporate bonds,LARGE_UNEXPLAINED_RESIDUAL,HIGH,24637.0,3713.0,783.0,265.0,2665.0,12.736570445421526,6.355539748953975,"Check source data, revisions, and other adjustments."
2024-09,Bahamas,35319,Equities,LARGE_UNEXPLAINED_RESIDUAL,HIGH,28420.0,-5358.0,-1233.0,438.0,-4563.0,-13.50879270531115,-2.9841112642772742,"Check source data, revisions, and other adjustments."
2024-09,Mauritius,53805,Treasuries,LARGE_UNEXPLAINED_RESIDUAL,HIGH,1536.0,147.0,18.0,-796.0,925.0,66.5946724262059,1.6707798165137615,"Check source data, revisions, and other adjustments."
2024-08,Argentina,30104,Treasuries,UNUSUAL_POSITION_CHANGE,MEDIUM,3155.0,522.0,258.0,16.0,248.0,9.41891378655526,5.614756756756757,"Check transactions, valuation, reclassification, and revisions."
2024-08,New Zealand,61689,Treasuries,UNUSUAL_POSITION_CHANGE,MEDIUM,8636.0,789.0,692.0,75.0,22.0,0.28036192175353636,4.176226635514019,"Check transactions, valuation, reclassification, and revisions."
2024-08,Cayman Islands,36137,Treasuries,LARGE_UNEXPLAINED_RESIDUAL,MEDIUM,275905.0,41581.0,18517.0,1619.0,21445.0,9.151858110991618,3.263951923076923,"Check source data, revisions, and other adjustments."
2024-08,United Kingdom,13005,Agency bonds,LARGE_UNEXPLAINED_RESIDUAL,MEDIUM,47003.0,-2236.0,37.0,827.0,-3100.0,-6.295822417189626,-0.7707460042840666,"Check source data, revisions, and other adjustments."
2024-08,International,72907,Corporate bonds,LARGE_UNEXPLAINED_RESIDUAL,MEDIUM,14600.0,167.0,200.0,1305.0,-1338.0,-9.270421949698607,-0.24514681724845996,"Check source data, revisions, and other adjustments."
2024-08,United Arab Emirates,46604,Agency bonds,UNUSUAL_POSITION_CHANGE,HIGH,702.0,-3155.0,-3118.0,-35.0,-2.0,-0.05185377236193933,-42.898199999999996,"Check transactions, valuation, reclassification, and revisions."
2024-08,Uruguay,32603,Corporate bonds,UNUSUAL_POSITION_CHANGE,HIGH,2945.0,658.0,-12.0,22.0,648.0,28.334062090074333,11.847739130434784,"Check transactions, valuation, reclassification, and revisions."
2024-08,Uruguay,32603,Corporate bonds,LARGE_UNEXPLAINED_RESIDUAL,HIGH,2945.0,658.0,-12.0,22.0,648.0,28.334062090074333,11.847739130434784,"Check source data, revisions, and other adjustments."
2024-08,Ukraine,16403,Treasuries,LARGE_UNEXPLAINED_RESIDUAL,HIGH,17847.0,3242.0,4581.0,556.0,-1895.0,-12.97500855871277,1.848639780577001,"Check source data, revisions, and other adjustments."
2024-08,Venezuela,32719,Treasuries,LARGE_UNEXPLAINED_RESIDUAL,HIGH,421.0,17.0,19.0,812.0,-814.0,-201.4851485148515,0.0,"Check source data, revisions, and other adjustments."
2024-07,New Zealand,61689,Treasuries,UNUSUAL_POSITION_CHANGE,MEDIUM,7847.0,-788.0,-931.0,106.0,37.0,0.4284887087434858,-5.825516509433962,"Check transactions, valuation, reclassification, and revisions."
2024-07,Australia,60089,Treasuries,UNUSUAL_POSITION_CHANGE,MEDIUM,67700.0,11195.0,9240.0,1388.0,567.0,1.0034510220334483,4.794854713804713,"Check transactions, valuation, reclassification, and revisions."
2024-07,Bahamas,35319,Treasuries,UNUSUAL_POSITION_CHANGE,MEDIUM,14794.0,1696.0,3528.0,71.0,-1903.0,-14.528935715376393,4.572287810383747,"Check transactions, valuation, reclassification, and revisions."
2024-07,Cayman Islands,36137,Treasuries,UNUSUAL_POSITION_CHANGE,MEDIUM,234324.0,51377.0,49676.0,3218.0,-1517.0,-0.8292019000038262,4.257106014334684,"Check transactions, valuation, reclassification, and revisions."
2024-07,Indonesia,42218,Treasuries,LARGE_UNEXPLAINED_RESIDUAL,MEDIUM,16814.0,-1549.0,-283.0,148.0,-1414.0,-7.700266840930131,-1.3987052321296978,"Check source data, revisions, and other adjustments."
2024-07,Bahamas,35319,Equities,LARGE_UNEXPLAINED_RESIDUAL,MEDIUM,35108.0,1838.0,-383.0,173.0,2048.0,6.155695822061918,0.9915055839925546,"Check source data, revisions, and other adjustments."
2024-07,Ukraine,16403,Treasuries,LARGE_UNEXPLAINED_RESIDUAL,MEDIUM,14605.0,-808.0,711.0,-289.0,-1230.0,-7.980276390060339,-0.3713724095895977,"Check source data, revisions, and other adjustments."
2024-07,Peru,32204,Equities,LARGE_UNEXPLAINED_RESIDUAL,MEDIUM,8522.0,-49.0,543.0,47.0,-639.0,-7.455372768638432,-0.08290515933232169,"Check source data, revisions, and other adjustments."
2024-07,Turkey,12807,Treasuries,UNUSUAL_POSITION_CHANGE,HIGH,4809.0,1608.0,1582.0,23.0,3.0,0.09372071227741331,22.06177083333333,"Check transactions, valuation, reclassification, and revisions."
2024-07,Indonesia,42218,Agency bonds,UNUSUAL_POSITION_CHANGE,HIGH,8686.0,-1895.0,-1567.0,120.0,-448.0,-4.234004347415178,-8.275751497005988,"Check transactions, valuation, reclassification, and revisions."
2024-07,Bahamas,35319,Treasuries,LARGE_UNEXPLAINED_RESIDUAL,HIGH,14794.0,1696.0,3528.0,71.0,-1903.0,-14.528935715376393,4.572287810383747,"Check source data, revisions, and other adjustments."
2024-06,International,72907,Corporate bonds,UNUSUAL_POSITION_CHANGE,MEDIUM,13467.0,-2009.0,313.0,22.0,-2344.0,-15.146032566554664,-6.4055835117773015,"Check transactions, valuation, reclassification, and revisions."
2024-06,Spain,12505,Agency bonds,UNUSUAL_POSITION_CHANGE,MEDIUM,6132.0,1480.0,154.0,-166.0,1492.0,32.072226999140156,5.814028443113772,"Check transactions, valuation, reclassification, and revisions."
2024-06,Chile,30406,Treasuries,UNUSUAL_POSITION_CHANGE,MEDIUM,28868.0,-5319.0,-5423.0,121.0,-17.0,-0.04972650422675286,-5.799009788566954,"Check transactions, valuation, reclassification, and revisions."
2024-06,Canada,29998,Agency bonds,UNUSUAL_POSITION_CHANGE,MEDIUM,153577.0,24603.0,1143.0,-61.0,23521.0,18.23700900956782,5.743069002329192,"Check transactions, valuation, reclassification, and revisions."
2024-06,"China, Mainland",41408,Corporate bonds,UNUSUAL_POSITION_CHANGE,MEDIUM,23494.0,3083.0,2382.0,362.0,339.0,1.6608691391896526,4.025285714285714,"Check transactions, valuation, reclassification, and revisions."
2024-06,Sweden,12602,Corporate bonds,LARGE_UNEXPLAINED_RESIDUAL,MEDIUM,10272.0,-837.0,-34.0,-75.0,-728.0,-6.553245116572149,-3.509752906976744,"Check source data, revisions, and other adjustments."
2024-06,Finland,10707,Equities,LARGE_UNEXPLAINED_RESIDUAL,MEDIUM,65806.0,-3345.0,1386.0,1782.0,-6513.0,-9.418518893436104,-1.709008148714031,"Check source data, revisions, and other adjustments."
2024-06,Cayman Islands,36137,Treasuries,LARGE_UNEXPLAINED_RESIDUAL,MEDIUM,182947.0,-18549.0,-9229.0,1857.0,-11177.0,-5.547008377337515,-1.6906084678197133,"Check source data, revisions, and other adjustments."
2024-06,United Arab Emirates,46604,Equities,LARGE_UNEXPLAINED_RESIDUAL,MEDIUM,203014.0,11953.0,480.0,-1193.0,12666.0,6.62929640271955,1.4457935182564392,"Check source data, revisions, and other adjustments."
2024-06,United Kingdom,13005,Agency bonds,LARGE_UNEXPLAINED_RESIDUAL,MEDIUM,48213.0,7286.0,3326.0,-76.0,4036.0,9.861460649449018,1.4308900665732305,"Check source data, revisions, and other adjustments."
2024-06,Cayman Islands,36137,Agency bonds,LARGE_UNEXPLAINED_RESIDUAL,MEDIUM,41076.0,-962.0,1825.0,89.0,-2876.0,-6.8414291831200345,-1.025337342152736,"Check source data, revisions, and other adjustments."
2024-06,Ireland,11401,Treasuries,LARGE_UNEXPLAINED_RESIDUAL,MEDIUM,242857.0,1918.0,523.0,17727.0,-16332.0,-6.778479200129493,0.07001466771973372,"Check source data, revisions, and other adjustments."
2024-06,Bahamas,35319,Agency bonds,UNUSUAL_POSITION_CHANGE,HIGH,36355.0,11374.0,83.0,87.0,11204.0,44.85008606540971,17.085227166276347,"Check transactions, valuation, reclassification, and revisions."
2024-06,Bahamas,35319,Agency bonds,LARGE_UNEXPLAINED_RESIDUAL,HIGH,36355.0,11374.0,83.0,87.0,11204.0,44.85008606540971,17.085227166276347,"Check source data, revisions, and other adjustments."
2024-06,Bahamas,35319,Treasuries,UNUSUAL_POSITION_CHANGE,HIGH,13098.0,5602.0,-8.0,57.0,5553.0,74.0795090715048,16.4666309255079,"Check transactions, valuation, reclassification, and revisions."
2024-06,Bahamas,35319,Treasuries,LARGE_UNEXPLAINED_RESIDUAL,HIGH,13098.0,5602.0,-8.0,57.0,5553.0,74.0795090715048,16.4666309255079,"Check source data, revisions, and other adjustments."
2024-06,Finland,10707,Corporate bonds,UNUSUAL_POSITION_CHANGE,HIGH,4608.0,-1625.0,51.0,-16.0,-1660.0,-26.632440237445852,-9.272275933609958,"Check transactions, valuation, reclassification, and revisions."
2024-06,Finland,10707,Corporate bonds,LARGE_UNEXPLAINED_RESIDUAL,HIGH,4608.0,-1625.0,51.0,-16.0,-1660.0,-26.632440237445852,-9.272275933609958,"Check source data, revisions, and other adjustments."
2024-06,International,72907,Corporate bonds,LARGE_UNEXPLAINED_RESIDUAL,HIGH,13467.0,-2009.0,313.0,22.0,-2344.0,-15.146032566554664,-6.4055835117773015,"Check source data, revisions, and other adjustments."
2024-06,Spain,12505,Agency bonds,LARGE_UNEXPLAINED_RESIDUAL,HIGH,6132.0,1480.0,154.0,-166.0,1492.0,32.072226999140156,5.814028443113772,"Check source data, revisions, and other adjustments."
2024-06,Canada,29998,Agency bonds,LARGE_UNEXPLAINED_RESIDUAL,HIGH,153577.0,24603.0,1143.0,-61.0,23521.0,18.23700900956782,5.743069002329192,"Check source data, revisions, and other adjustments."
2024-06,France,10804,Agency bonds,LARGE_UNEXPLAINED_RESIDUAL,HIGH,26558.0,6199.0,320.0,194.0,5685.0,27.92376835797436,3.1380225662066397,"Check source data, revisions, and other adjustments."
2024-06,Indonesia,42218,Treasuries,LARGE_UNEXPLAINED_RESIDUAL,HIGH,18363.0,2330.0,-56.0,188.0,2198.0,13.709224724006736,2.4574266764922625,"Check source data, revisions, and other adjustments."
2024-06,Netherlands,12106,Agency bonds,LARGE_UNEXPLAINED_RESIDUAL,HIGH,18826.0,2453.0,234.0,6.0,2213.0,13.516154644842118,2.3565436537050624,"Check source data, revisions, and other adjustments."
2024-06,Sweden,12602,Equities,LARGE_UNEXPLAINED_RESIDUAL,HIGH,345763.0,-31640.0,2712.0,9184.0,-43536.0,-11.535679366618707,-2.031871264822134,"Check source data, revisions, and other adjustments."
2024-05,Barbados,30155,Corporate bonds,UNUSUAL_POSITION_CHANGE,MEDIUM,13527.0,2915.0,-12.0,2677.0,250.0,2.3558235959291367,5.619537463976945,"Check transactions, valuation, reclassification, and revisions."
2024-05,Kazakhstan,16543,Treasuries,UNUSUAL_POSITION_CHANGE,MEDIUM,2720.0,1067.0,1084.0,3.0,-20.0,-1.2099213551119177,4.5784242424242425,"Check transactions, valuation, reclassification, and revisions."
2024-05,Anguilla,30228,Equities,UNUSUAL_POSITION_CHANGE,MEDIUM,585.0,-3956.0,-3864.0,16.0,-108.0,-2.378330764148866,-4.1389531126871555,"Check transactions, valuation, reclassification, and revisions."
2024-05,Bahamas,35319,Equities,LARGE_UNEXPLAINED_RESIDUAL,MEDIUM,33286.0,1343.0,-2704.0,1593.0,2454.0,7.682434336161287,0.702470626349892,"Check source data, revisions, and other adjustments."
2024-05,France,10804,Agency bonds,LARGE_UNEXPLAINED_RESIDUAL,MEDIUM,20359.0,-1065.0,303.0,82.0,-1450.0,-6.768110530246452,-0.5563756438557763,"Check source data, revisions, and other adjustments."
2024-05,Belgium,10251,Agency bonds,UNUSUAL_POSITION_CHANGE,HIGH,18845.0,4762.0,10.0,-66.0,4818.0,34.211460626287014,9.778135579937304,"Check transactions, valuation, reclassification, and revisions."
2024-05,Belgium,10251,Agency bonds,LARGE_UNEXPLAINED_RESIDUAL,HIGH,18845.0,4762.0,10.0,-66.0,4818.0,34.211460626287014,9.778135579937304,"Check source data, revisions, and other adjustments."
2024-05,Peru,32204,Equities,LARGE_UNEXPLAINED_RESIDUAL,HIGH,8941.0,1036.0,1994.0,265.0,-1223.0,-15.47122074636306,3.123321656050955,"Check source data, revisions, and other adjustments."
2024-05,Bahamas,35319,Treasuries,LARGE_UNEXPLAINED_RESIDUAL,HIGH,7496.0,-7.0,2212.0,9.0,-2228.0,-29.6947887511662,-0.7887947494033413,"Check source data, revisions, and other adjustments."
2024-05,Ukraine,16403,Treasuries,LARGE_UNEXPLAINED_RESIDUAL,HIGH,13754.0,-1320.0,399.0,51.0,-1770.0,-11.742072442616426,-0.5810708366219416,"Check source data, revisions, and other adjustments."
2024-04,Anguilla,30228,Equities,UNUSUAL_POSITION_CHANGE,MEDIUM,4541.0,-6165.0,-4021.0,-85.0,-2059.0,-19.232206239491873,-6.962653781512604,"Check transactions, valuation, reclassification, and revisions."
2024-04,Belgium,10251,Agency bonds,UNUSUAL_POSITION_CHANGE,MEDIUM,14083.0,2485.0,64.0,-244.0,2665.0,22.978099672357303,5.360916946308724,"Check transactions, valuation, reclassification, and revisions."
2024-04,Colombia,30503,Treasuries,UNUSUAL_POSITION_CHANGE,MEDIUM,35697.0,-4164.0,-3153.0,-307.0,-704.0,-1.766137327212062,-4.024048263888889,"Check transactions, valuation, reclassification, and revisions."
2024-04,Spain,12505,Corporate bonds,UNUSUAL_POSITION_CHANGE,MEDIUM,6521.0,-659.0,-23.0,0.0,-636.0,-8.857938718662952,-4.009527777777778,"Check transactions, valuation, reclassification, and revisions."
2024-04,Spain,12505,Corporate bonds,LARGE_UNEXPLAINED_RESIDUAL,MEDIUM,6521.0,-659.0,-23.0,0.0,-636.0,-8.857938718662952,-4.009527777777778,"Check source data, revisions, and other adjustments."
2024-04,Indonesia,42218,Treasuries,LARGE_UNEXPLAINED_RESIDUAL,MEDIUM,17257.0,-2211.0,-125.0,-212.0,-1874.0,-9.626053010067803,-3.0816086044071356,"Check source data, revisions, and other adjustments."
2024-04,Switzerland,12688,Agency bonds,LARGE_UNEXPLAINED_RESIDUAL,MEDIUM,11227.0,423.0,-88.0,-417.0,928.0,8.589411329137356,0.5371633825944171,"Check source data, revisions, and other adjustments."
2024-04,Anguilla,30228,Equities,LARGE_UNEXPLAINED_RESIDUAL,HIGH,4541.0,-6165.0,-4021.0,-85.0,-2059.0,-19.232206239491873,-6.962653781512604,"Check source data, revisions, and other adjustments."
2024-04,Belgium,10251,Agency bonds,LARGE_UNEXPLAINED_RESIDUAL,HIGH,14083.0,2485.0,64.0,-244.0,2665.0,22.978099672357303,5.360916946308724,"Check source data, revisions, and other adjustments."
2024-04,Argentina,30104,Treasuries,LARGE_UNEXPLAINED_RESIDUAL,HIGH,2544.0,-154.0,954.0,-16.0,-1092.0,-40.47442550037064,-2.879115740740741,"Check source data, revisions, and other adjustments."
2024-04,Uruguay,32603,Treasuries,LARGE_UNEXPLAINED_RESIDUAL,HIGH,13189.0,147.0,266.0,1195.0,-1314.0,-10.075141849409599,-0.9748498727735369,"Check source data, revisions, and other adjustments."
2024-04,Bahamas,35319,Treasuries,LARGE_UNEXPLAINED_RESIDUAL,HIGH,7503.0,-34.0,1530.0,-27.0,-1537.0,-20.392729202600503,-0.8757231503579952,"Check source data, revisions, and other adjustments."
2024-04,Spain,12505,Agency bonds,LARGE_UNEXPLAINED_RESIDUAL,HIGH,4577.0,-29.0,52.0,634.0,-715.0,-15.523230568823275,-0.15915168539325844,"Check source data, revisions, and other adjustments."
2024-03,Indonesia,42218,Treasuries,UNUSUAL_POSITION_CHANGE,MEDIUM,19468.0,4181.0,2827.0,21.0,1333.0,8.719827304245438,6.13866,"Check transactions, valuation, reclassification, and revisions."
2024-03,Indonesia,42218,Treasuries,LARGE_UNEXPLAINED_RESIDUAL,MEDIUM,19468.0,4181.0,2827.0,21.0,1333.0,8.719827304245438,6.13866,"Check source data, revisions, and other adjustments."
2024-03,Mexico,31704,Corporate bonds,UNUSUAL_POSITION_CHANGE,MEDIUM,10551.0,1609.0,1726.0,-31.0,-86.0,-0.9617535227018564,5.649929411764705,"Check transactions, valuation, reclassification, and revisions."
2024-03,Thailand,46418,Treasuries,UNUSUAL_POSITION_CHANGE,MEDIUM,43890.0,4006.0,3114.0,846.0,46.0,0.11533446996289239,5.078443430656934,"Check transactions, valuation, reclassification, and revisions."
2024-03,United Kingdom,13005,Agency bonds,UNUSUAL_POSITION_CHANGE,MEDIUM,41414.0,-19517.0,-722.0,145.0,-18940.0,-31.08434130409808,-4.463349147121535,"Check transactions, valuation, reclassification, and revisions."
2024-03,Ireland,11401,Agency bonds,UNUSUAL_POSITION_CHANGE,MEDIUM,41491.0,7577.0,7428.0,56.0,93.0,0.2742230347349177,4.19539,"Check transactions, valuation, reclassification, and revisions."
2024-03,Saudi Arabia,45608,Corporate bonds,UNUSUAL_POSITION_CHANGE,MEDIUM,13932.0,1532.0,1354.0,198.0,-20.0,-0.16129032258064516,4.08108,"Check transactions, valuation, reclassification, and revisions."
2024-03,Brazil,30309,Equities,LARGE_UNEXPLAINED_RESIDUAL,MEDIUM,20817.0,2426.0,212.0,693.0,1521.0,8.270349627535207,3.2265446593001843,"Check source data, revisions, and other adjustments."
2024-03,Cayman Islands,36137,Treasuries,LARGE_UNEXPLAINED_RESIDUAL,MEDIUM,178531.0,2431.0,-9699.0,1606.0,10524.0,5.976149914821124,0.14640982447116313,"Check source data, revisions, and other adjustments."
2024-03,Australia,60089,Agency bonds,UNUSUAL_POSITION_CHANGE,HIGH,17198.0,6682.0,6256.0,104.0,322.0,3.0620007607455304,10.157985277463194,"Check transactions, valuation, reclassification, and revisions."
2024-03,United Kingdom,13005,Agency bonds,LARGE_UNEXPLAINED_RESIDUAL,HIGH,41414.0,-19517.0,-722.0,145.0,-18940.0,-31.08434130409808,-4.463349147121535,"Check source data, revisions, and other adjustments."
2024-03,Spain,12505,Agency bonds,LARGE_UNEXPLAINED_RESIDUAL,HIGH,4606.0,-721.0,21.0,21.0,-763.0,-14.323258869908015,-3.175338461538461,"Check source data, revisions, and other adjustments."
2024-03,Finland,10707,Corporate bonds,LARGE_UNEXPLAINED_RESIDUAL,HIGH,6318.0,598.0,-50.0,-4.0,652.0,11.398601398601398,3.0971423220973784,"Check source data, revisions, and other adjustments."
2024-03,Thailand,46418,Agency bonds,LARGE_UNEXPLAINED_RESIDUAL,HIGH,11962.0,-1502.0,-1.0,-7.0,-1494.0,-11.096256684491978,-2.5769573019801983,"Check source data, revisions, and other adjustments."
2024-02,Singapore,46019,Corporate bonds,UNUSUAL_POSITION_CHANGE,MEDIUM,88805.0,10379.0,-986.0,-361.0,11726.0,14.951674189681993,6.66264,"Check transactions, valuation, reclassification, and revisions."
2024-02,Kazakhstan,16543,Treasuries,UNUSUAL_POSITION_CHANGE,MEDIUM,1132.0,-1000.0,-1001.0,8.0,-7.0,-0.32833020637898686,-5.03025,"Check transactions, valuation, reclassification, and revisions."
2024-02,Mexico,31704,Equities,UNUSUAL_POSITION_CHANGE,MEDIUM,103952.0,14687.0,-180.0,1177.0,13690.0,15.336358035064135,4.607823916220165,"Check transactions, valuation, reclassification, and revisions."
2024-02,Romania,15806,Treasuries,UNUSUAL_POSITION_CHANGE,MEDIUM,6198.0,1243.0,1261.0,-18.0,0.0,0.0,4.109041273584905,"Check transactions, valuation, reclassification, and revisions."
2024-02,Bahamas,35319,Equities,LARGE_UNEXPLAINED_RESIDUAL,MEDIUM,30869.0,2589.0,-1258.0,1301.0,2546.0,9.002828854314004,1.9320137637637638,"Check source data, revisions, and other adjustments."
2024-02,Singapore,46019,Corporate bonds,LARGE_UNEXPLAINED_RESIDUAL,HIGH,88805.0,10379.0,-986.0,-361.0,11726.0,14.951674189681993,6.66264,"Check source data, revisions, and other adjustments."
2024-02,Mexico,31704,Equities,LARGE_UNEXPLAINED_RESIDUAL,HIGH,103952.0,14687.0,-180.0,1177.0,13690.0,15.336358035064135,4.607823916220165,"Check source data, revisions, and other adjustments."
2024-02,Hong Kong,42005,Treasuries,LARGE_UNEXPLAINED_RESIDUAL,HIGH,187591.0,-21670.0,2159.0,-2494.0,-21335.0,-10.195401914355756,-2.7071566364029396,"Check source data, revisions, and other adjustments."
2024-02,Belgium,10251,Treasuries,LARGE_UNEXPLAINED_RESIDUAL,HIGH,261591.0,27449.0,-733.0,-2586.0,30768.0,13.140743651288535,2.0433555129768335,"Check source data, revisions, and other adjustments."
2024-02,Indonesia,42218,Treasuries,LARGE_UNEXPLAINED_RESIDUAL,HIGH,15287.0,1067.0,2977.0,-97.0,-1813.0,-12.749648382559775,1.7117734611503532,"Check source data, revisions, and other adjustments."
2024-02,Bahamas,35319,Treasuries,LARGE_UNEXPLAINED_RESIDUAL,HIGH,7259.0,198.0,2115.0,-29.0,-1888.0,-26.738422319784732,0.05943869731800767,"Check source data, revisions, and other adjustments."
2024-01,Australia,60089,Agency bonds,UNUSUAL_POSITION_CHANGE,MEDIUM,10961.0,-2788.0,-2734.0,-78.0,24.0,0.17455814968361336,-6.676366666666667,"Check transactions, valuation, reclassification, and revisions."
2024-01,International,72907,Treasuries,UNUSUAL_POSITION_CHANGE,MEDIUM,46856.0,-13178.0,-14298.0,516.0,604.0,1.0060965452910018,-5.782399118665408,"Check transactions, valuation, reclassification, and revisions."
2024-01,Australia,60089,Treasuries,UNUSUAL_POSITION_CHANGE,MEDIUM,58902.0,11759.0,11566.0,177.0,16.0,0.033939291093057294,5.547392790784095,"Check transactions, valuation, reclassification, and revisions."
2024-01,Indonesia,42218,Treasuries,UNUSUAL_POSITION_CHANGE,MEDIUM,14220.0,3632.0,3995.0,94.0,-457.0,-4.316207026822818,5.203382946518667,"Check transactions, valuation, reclassification, and revisions."
2024-01,Bahamas,35319,Corporate bonds,LARGE_UNEXPLAINED_RESIDUAL,MEDIUM,9540.0,-639.0,353.0,-32.0,-960.0,-9.43118184497495,-3.954421568627451,"Check source data, revisions, and other adjustments."
2024-01,Bahamas,35319,Equities,LARGE_UNEXPLAINED_RESIDUAL,MEDIUM,28280.0,-3492.0,-5670.0,182.0,1996.0,6.2822611104116834,-2.1737264764764763,"Check source data, revisions, and other adjustments."
2024-01,Barbados,30155,Corporate bonds,LARGE_UNEXPLAINED_RESIDUAL,MEDIUM,11093.0,-897.0,111.0,5.0,-1013.0,-8.448707256046706,-2.0246130363036303,"Check source data, revisions, and other adjustments."
2024-01,Peru,32204,Equities,LARGE_UNEXPLAINED_RESIDUAL,MEDIUM,7020.0,-431.0,313.0,-97.0,-647.0,-8.68339820158368,-0.9722004264392324,"Check source data, revisions, and other adjustments."
2024-01,France,10804,Agency bonds,LARGE_UNEXPLAINED_RESIDUAL,MEDIUM,22762.0,-999.0,85.0,311.0,-1395.0,-5.870965026724464,-0.753353982300885,"Check source data, revisions, and other adjustments."
2024-01,Uruguay,32603,Treasuries,LARGE_UNEXPLAINED_RESIDUAL,MEDIUM,12558.0,179.0,226.0,-859.0,812.0,6.559495920510542,-0.6895496957403651,"Check source data, revisions, and other adjustments."
2024-01,Switzerland,12688,Agency bonds,LARGE_UNEXPLAINED_RESIDUAL,MEDIUM,10386.0,288.0,143.0,-600.0,745.0,7.377698554169142,0.41744755970924197,"Check source data, revisions, and other adjustments."
2024-01,South Africa,55719,Treasuries,LARGE_UNEXPLAINED_RESIDUAL,MEDIUM,11782.0,-332.0,-912.0,-423.0,1003.0,8.279676407462441,-0.39729071969696966,"Check source data, revisions, and other adjustments."
2024-01,Norway,12203,Agency bonds,UNUSUAL_POSITION_CHANGE,HIGH,1091.0,595.0,584.0,12.0,-1.0,-0.20161290322580644,114.8577142857143,"Check transactions, valuation, reclassification, and revisions."
2024-01,Saudi Arabia,45608,Agency bonds,UNUSUAL_POSITION_CHANGE,HIGH,7621.0,3894.0,4016.0,-51.0,-71.0,-1.9050174403005098,35.54984589041096,"Check transactions, valuation, reclassification, and revisions."
2024-01,Turkey,12807,Treasuries,UNUSUAL_POSITION_CHANGE,HIGH,2884.0,943.0,951.0,-4.0,-4.0,-0.20607934054611024,17.29,"Check transactions, valuation, reclassification, and revisions."
2024-01,Saudi Arabia,45608,Corporate bonds,UNUSUAL_POSITION_CHANGE,HIGH,12278.0,3623.0,3594.0,-4.0,33.0,0.38128249566724437,10.085380952380952,"Check transactions, valuation, reclassification, and revisions."
2024-01,New Zealand,61689,Treasuries,UNUSUAL_POSITION_CHANGE,HIGH,6900.0,1044.0,1218.0,29.0,-203.0,-3.466530054644809,9.142708904109588,"Check transactions, valuation, reclassification, and revisions."
2024-01,Jersey,13007,Corporate bonds,UNUSUAL_POSITION_CHANGE,HIGH,4075.0,-633.0,-795.0,-27.0,189.0,4.014443500424809,-9.002237623762376,"Check transactions, valuation, reclassification, and revisions."
2024-01,Russia,16101,Equities,UNUSUAL_POSITION_CHANGE,HIGH,559.0,-1109.0,-5.0,-1105.0,1.0,0.05995203836930456,-7.9165,"Check transactions, valuation, reclassification, and revisions."
2024-01,Venezuela,32719,Treasuries,LARGE_UNEXPLAINED_RESIDUAL,HIGH,387.0,-24.0,25.0,-766.0,717.0,174.45255474452554,-2.18538,"Check source data, revisions, and other adjustments."
2024-01,Bahamas,35319,Treasuries,LARGE_UNEXPLAINED_RESIDUAL,HIGH,7061.0,409.0,2227.0,-131.0,-1687.0,-25.360793746241733,0.8091307385229541,"Check source data, revisions, and other adjustments."
2023-12,British Virgin Islands,35807,Corporate bonds,LARGE_UNEXPLAINED_RESIDUAL,MEDIUM,32708.0,3846.0,331.0,772.0,2743.0,9.503845887325896,12.418215968586388,"Check source data, revisions, and other adjustments."
2023-12,Egypt,57002,Equities,UNUSUAL_POSITION_CHANGE,MEDIUM,398.0,-725.0,-1.0,9.0,-733.0,-65.27159394479074,-6.807632142857143,"Check transactions, valuation, reclassification, and revisions."
2023-12,India,42102,Equities,UNUSUAL_POSITION_CHANGE,MEDIUM,18369.0,5028.0,-152.0,1046.0,4134.0,30.98718237013717,6.6528405940594055,"Check transactions, valuation, reclassification, and revisions."
2023-12,Greece,11207,Equities,UNUSUAL_POSITION_CHANGE,MEDIUM,1933.0,-1752.0,-5.0,59.0,-1806.0,-49.009497964721845,-6.6070340909090906,"Check transactions, valuation, reclassification, and revisions."
2023-12,Spain,12505,Equities,UNUSUAL_POSITION_CHANGE,MEDIUM,55413.0,16566.0,132.0,3052.0,13382.0,34.447962519628284,6.514224223061284,"Check transactions, valuation, reclassification, and revisions."
2023-12,Hong Kong,42005,Corporate bonds,UNUSUAL_POSITION_CHANGE,MEDIUM,69256.0,11539.0,360.0,2429.0,8750.0,15.1601781104354,5.947751373123398,"Check transactions, valuation, reclassification, and revisions."
2023-12,Ireland,11401,Treasuries,UNUSUAL_POSITION_CHANGE,MEDIUM,234612.0,35129.0,117.0,5157.0,29855.0,14.9661875949329,5.873173769057735,"Check transactions, valuation, reclassification, and revisions."
2023-12,Luxembourg,11703,Treasuries,UNUSUAL_POSITION_CHANGE,MEDIUM,236457.0,-29926.0,2343.0,1031.0,-33300.0,-12.500797723578456,-5.697146354373428,"Check transactions, valuation, reclassification, and revisions."
2023-12,Australia,60089,Agency bonds,UNUSUAL_POSITION_CHANGE,MEDIUM,13749.0,2142.0,2137.0,162.0,-157.0,-1.352632032394245,4.991300000000001,"Check transactions, valuation, reclassification, and revisions."
2023-12,Taiwan,46302,Corporate bonds,UNUSUAL_POSITION_CHANGE,MEDIUM,178578.0,25216.0,1144.0,9813.0,14259.0,9.29760957733989,4.924473687788958,"Check transactions, valuation, reclassification, and revisions."
2023-12,Taiwan,46302,Corporate bonds,LARGE_UNEXPLAINED_RESIDUAL,MEDIUM,178578.0,25216.0,1144.0,9813.0,14259.0,9.29760957733989,4.924473687788958,"Check source data, revisions, and other adjustments."
2023-12,Norway,12203,Corporate bonds,UNUSUAL_POSITION_CHANGE,MEDIUM,68759.0,6672.0,-184.0,2431.0,4425.0,7.127095849372655,4.856688401924105,"Check transactions, valuation, reclassification, and revisions."
2023-12,Norway,12203,Corporate bonds,LARGE_UNEXPLAINED_RESIDUAL,MEDIUM,68759.0,6672.0,-184.0,2431.0,4425.0,7.127095849372655,4.856688401924105,"Check source data, revisions, and other adjustments."
2023-12,Switzerland,12688,Corporate bonds,UNUSUAL_POSITION_CHANGE,MEDIUM,110037.0,10571.0,615.0,2399.0,7557.0,7.597571029296443,4.806582747716092,"Check transactions, valuation, reclassification, and revisions."
2023-12,Switzerland,12688,Corporate bonds,LARGE_UNEXPLAINED_RESIDUAL,MEDIUM,110037.0,10571.0,615.0,2399.0,7557.0,7.597571029296443,4.806582747716092,"Check source data, revisions, and other adjustments."
2023-12,Norway,12203,Treasuries,UNUSUAL_POSITION_CHANGE,MEDIUM,138186.0,25439.0,6593.0,1526.0,17320.0,15.361827809165653,4.756405215511418,"Check transactions, valuation, reclassification, and revisions."
2023-12,Bermuda,35602,Treasuries,UNUSUAL_POSITION_CHANGE,MEDIUM,49628.0,4434.0,1790.0,893.0,1751.0,3.8744081072708765,4.23583913379737,"Check transactions, valuation, reclassification, and revisions."
2023-12,Greece,11207,Treasuries,UNUSUAL_POSITION_CHANGE,MEDIUM,1758.0,-980.0,-106.0,27.0,-901.0,-32.9072315558802,-4.1580457317073165,"Check transactions, valuation, reclassification, and revisions."
2023-12,United Kingdom,13005,Corporate bonds,UNUSUAL_POSITION_CHANGE,MEDIUM,482753.0,48370.0,1855.0,18068.0,28447.0,6.548829028760333,4.0116038436786985,"Check transactions, valuation, reclassification, and revisions."
2023-12,United Kingdom,13005,Corporate bonds,LARGE_UNEXPLAINED_RESIDUAL,MEDIUM,482753.0,48370.0,1855.0,18068.0,28447.0,6.548829028760333,4.0116038436786985,"Check source data, revisions, and other adjustments."
2023-12,Netherlands,12106,Corporate bonds,LARGE_UNEXPLAINED_RESIDUAL,MEDIUM,70624.0,6453.0,670.0,2255.0,3528.0,5.497810537470197,2.8021847826086956,"Check source data, revisions, and other adjustments."
2023-12,Bahamas,35319,Equities,LARGE_UNEXPLAINED_RESIDUAL,MEDIUM,31772.0,3839.0,2086.0,340.0,1413.0,5.058532918053915,2.7759827327327327,"Check source data, revisions, and other adjustments."
2023-12,Mexico,31704,Corporate bonds,LARGE_UNEXPLAINED_RESIDUAL,MEDIUM,8644.0,843.0,128.0,73.0,642.0,8.229714139212922,2.7595045592705167,"Check source data, revisions, and other adjustments."
2023-12,Italy,11509,Equities,LARGE_UNEXPLAINED_RESIDUAL,MEDIUM,72831.0,8375.0,-663.0,2646.0,6392.0,9.916842497207398,2.4840254901960783,"Check source data, revisions, and other adjustments."
2023-12,Switzerland,12688,Equities,LARGE_UNEXPLAINED_RESIDUAL,MEDIUM,751391.0,72543.0,2730.0,29547.0,40266.0,5.931519279720939,2.0000998786973967,"Check source data, revisions, and other adjustments."
2023-12,Canada,29998,Treasuries,LARGE_UNEXPLAINED_RESIDUAL,MEDIUM,318529.0,32826.0,4563.0,3815.0,24448.0,8.557138006951275,1.9885289235538224,"Check source data, revisions, and other adjustments."
2023-12,Israel,42501,Treasuries,LARGE_UNEXPLAINED_RESIDUAL,MEDIUM,53633.0,-4449.0,-1676.0,948.0,-3721.0,-6.406459832650391,-1.8916686620772223,"Check source data, revisions, and other adjustments."
2023-12,Australia,60089,Equities,LARGE_UNEXPLAINED_RESIDUAL,MEDIUM,524867.0,50266.0,2401.0,23403.0,24462.0,5.154224285241709,1.8785906067448823,"Check source data, revisions, and other adjustments."
2023-12,Germany,11002,Equities,LARGE_UNEXPLAINED_RESIDUAL,MEDIUM,460465.0,45658.0,1277.0,17776.0,26605.0,6.413826189046954,1.802152657962229,"Check source data, revisions, and other adjustments."
2023-12,Denmark,10502,Equities,LARGE_UNEXPLAINED_RESIDUAL,MEDIUM,199498.0,22980.0,-1330.0,9186.0,15124.0,8.567964740139816,1.719995809337721,"Check source data, revisions, and other adjustments."
2023-12,Belgium,10251,Treasuries,LARGE_UNEXPLAINED_RESIDUAL,MEDIUM,251861.0,18826.0,-2371.0,4631.0,16566.0,7.108803398631107,1.3679547697845904,"Check source data, revisions, and other adjustments."
2023-12,British Virgin Islands,35807,Equities,LARGE_UNEXPLAINED_RESIDUAL,MEDIUM,142287.0,7778.0,-4765.0,4122.0,8421.0,6.260547621348757,1.2449637926706827,"Check source data, revisions, and other adjustments."
2023-12,Singapore,46019,Corporate bonds,LARGE_UNEXPLAINED_RESIDUAL,MEDIUM,76276.0,-519.0,1468.0,1928.0,-3915.0,-5.0979881502702,-1.07494,"Check source data, revisions, and other adjustments."
2023-12,Indonesia,42218,Treasuries,LARGE_UNEXPLAINED_RESIDUAL,MEDIUM,10588.0,591.0,1532.0,40.0,-981.0,-9.81294388316495,1.0465482160077146,"Check source data, revisions, and other adjustments."
2023-12,International,72907,Equities,LARGE_UNEXPLAINED_RESIDUAL,MEDIUM,13648.0,-236.0,170.0,493.0,-899.0,-6.475079227888217,-0.71439477303989,"Check source data, revisions, and other adjustments."
2023-12,Ukraine,16403,Treasuries,LARGE_UNEXPLAINED_RESIDUAL,MEDIUM,14897.0,-703.0,-322.0,-1281.0,900.0,5.769230769230769,-0.23817246317512272,"Check source data, revisions, and other adjustments."
2023-12,Kazakhstan,16543,Corporate bonds,UNUSUAL_POSITION_CHANGE,HIGH,1904.0,1598.0,-8.0,77.0,1529.0,499.6732026143791,215.57019999999997,"Check transactions, valuation, reclassification, and revisions."
2023-12,Kazakhstan,16543,Corporate bonds,LARGE_UNEXPLAINED_RESIDUAL,HIGH,1904.0,1598.0,-8.0,77.0,1529.0,499.6732026143791,215.57019999999997,"Check source data, revisions, and other adjustments."
2023-12,Norway,12203,Agency bonds,LARGE_UNEXPLAINED_RESIDUAL,HIGH,496.0,407.0,-200.0,13.0,594.0,667.4157303370787,78.62742857142857,"Check source data, revisions, and other adjustments."
2023-12,Colombia,30503,Corporate bonds,UNUSUAL_POSITION_CHANGE,HIGH,11598.0,7872.0,55.0,1.0,7816.0,209.76918947933441,35.056073089701,"Check transactions, valuation, reclassification, and revisions."
2023-12,Colombia,30503,Corporate bonds,LARGE_UNEXPLAINED_RESIDUAL,HIGH,11598.0,7872.0,55.0,1.0,7816.0,209.76918947933441,35.056073089701,"Check source data, revisions, and other adjustments."
2023-12,Morocco,54003,Equities,UNUSUAL_POSITION_CHANGE,HIGH,75.0,-2722.0,0.0,1.0,-2723.0,-97.35430818734358,-19.078215025906736,"Check transactions, valuation, reclassification, and revisions."
2023-12,Morocco,54003,Equities,LARGE_UNEXPLAINED_RESIDUAL,HIGH,75.0,-2722.0,0.0,1.0,-2723.0,-97.35430818734358,-19.078215025906736,"Check source data, revisions, and other adjustments."
2023-12,British Virgin Islands,35807,Corporate bonds,UNUSUAL_POSITION_CHANGE,HIGH,32708.0,3846.0,331.0,772.0,2743.0,9.503845887325896,12.418215968586388,"Check transactions, valuation, reclassification, and revisions."
2023-12,Jersey,13007,Corporate bonds,UNUSUAL_POSITION_CHANGE,HIGH,4708.0,530.0,112.0,93.0,325.0,7.778841550981331,7.698603448275862,"Check transactions, valuation, reclassification, and revisions."
2023-12,Germany,11002,Corporate bonds,UNUSUAL_POSITION_CHANGE,HIGH,128869.0,17911.0,455.0,3287.0,14169.0,12.769696641972638,7.336358853088973,"Check transactions, valuation, reclassification, and revisions."
2023-12,Germany,11002,Corporate bonds,LARGE_UNEXPLAINED_RESIDUAL,HIGH,128869.0,17911.0,455.0,3287.0,14169.0,12.769696641972638,7.336358853088973,"Check source data, revisions, and other adjustments."
2023-12,Bermuda,35602,Corporate bonds,UNUSUAL_POSITION_CHANGE,HIGH,156121.0,29151.0,1813.0,4512.0,22826.0,17.977474994093093,7.24020707070707,"Check transactions, valuation, reclassification, and revisions."
2023-12,Bermuda,35602,Corporate bonds,LARGE_UNEXPLAINED_RESIDUAL,HIGH,156121.0,29151.0,1813.0,4512.0,22826.0,17.977474994093093,7.24020707070707,"Check source data, revisions, and other adjustments."
2023-12,Bahamas,35319,Corporate bonds,UNUSUAL_POSITION_CHANGE,HIGH,10179.0,1432.0,43.0,199.0,1190.0,13.604664456385047,7.035960784313726,"Check transactions, valuation, reclassification, and revisions."
2023-12,Bahamas,35319,Corporate bonds,LARGE_UNEXPLAINED_RESIDUAL,HIGH,10179.0,1432.0,43.0,199.0,1190.0,13.604664456385047,7.035960784313726,"Check source data, revisions, and other adjustments."
2023-12,Egypt,57002,Equities,LARGE_UNEXPLAINED_RESIDUAL,HIGH,398.0,-725.0,-1.0,9.0,-733.0,-65.27159394479074,-6.807632142857143,"Check source data, revisions, and other adjustments."
2023-12,India,42102,Equities,LARGE_UNEXPLAINED_RESIDUAL,HIGH,18369.0,5028.0,-152.0,1046.0,4134.0,30.98718237013717,6.6528405940594055,"Check source data, revisions, and other adjustments."
2023-12,Greece,11207,Equities,LARGE_UNEXPLAINED_RESIDUAL,HIGH,1933.0,-1752.0,-5.0,59.0,-1806.0,-49.009497964721845,-6.6070340909090906,"Check source data, revisions, and other adjustments."
2023-12,Spain,12505,Equities,LARGE_UNEXPLAINED_RESIDUAL,HIGH,55413.0,16566.0,132.0,3052.0,13382.0,34.447962519628284,6.514224223061284,"Check source data, revisions, and other adjustments."
2023-12,Hong Kong,42005,Corporate bonds,LARGE_UNEXPLAINED_RESIDUAL,HIGH,69256.0,11539.0,360.0,2429.0,8750.0,15.1601781104354,5.947751373123398,"Check source data, revisions, and other adjustments."
2023-12,Ireland,11401,Treasuries,LARGE_UNEXPLAINED_RESIDUAL,HIGH,234612.0,35129.0,117.0,5157.0,29855.0,14.9661875949329,5.873173769057735,"Check source data, revisions, and other adjustments."
2023-12,Luxembourg,11703,Treasuries,LARGE_UNEXPLAINED_RESIDUAL,HIGH,236457.0,-29926.0,2343.0,1031.0,-33300.0,-12.500797723578456,-5.697146354373428,"Check source data, revisions, and other adjustments."
2023-12,Norway,12203,Treasuries,LARGE_UNEXPLAINED_RESIDUAL,HIGH,138186.0,25439.0,6593.0,1526.0,17320.0,15.361827809165653,4.756405215511418,"Check source data, revisions, and other adjustments."
2023-12,Greece,11207,Treasuries,LARGE_UNEXPLAINED_RESIDUAL,HIGH,1758.0,-980.0,-106.0,27.0,-901.0,-32.9072315558802,-4.1580457317073165,"Check source data, revisions, and other adjustments."
2023-12,Colombia,30503,Equities,LARGE_UNEXPLAINED_RESIDUAL,HIGH,26672.0,3323.0,-197.0,410.0,3110.0,13.319628249603838,3.9195354330708656,"Check source data, revisions, and other adjustments."
2023-12,Mauritius,53805,Equities,LARGE_UNEXPLAINED_RESIDUAL,HIGH,1000.0,-442.0,-12.0,74.0,-504.0,-34.95145631067961,-3.9005625,"Check source data, revisions, and other adjustments."
2023-12,Germany,11002,Agency bonds,LARGE_UNEXPLAINED_RESIDUAL,HIGH,3809.0,923.0,203.0,77.0,643.0,22.27997227997228,2.4898376753507017,"Check source data, revisions, and other adjustments."
2023-12,Austria,10189,Treasuries,LARGE_UNEXPLAINED_RESIDUAL,HIGH,3837.0,-510.0,387.0,51.0,-948.0,-21.808143547273982,-1.1459134165366613,"Check source data, revisions, and other adjustments."
2023-12,Austria,10189,Equities,LARGE_UNEXPLAINED_RESIDUAL,HIGH,28276.0,-2561.0,-12.0,1220.0,-3769.0,-12.222330317475759,-1.0097241542839077,"Check source data, revisions, and other adjustments."
2023-12,Anguilla,30228,Equities,LARGE_UNEXPLAINED_RESIDUAL,HIGH,11231.0,905.0,1595.0,344.0,-1034.0,-10.013558008909548,0.9223762811127378,"Check source data, revisions, and other adjustments."
2023-11,Israel,42501,Agency bonds,UNUSUAL_POSITION_CHANGE,MEDIUM,4513.0,-771.0,-846.0,111.0,-36.0,-0.6813020439061317,-4.8683911111111104,"Check transactions, valuation, reclassification, and revisions."
2023-11,Kazakhstan,16543,Treasuries,UNUSUAL_POSITION_CHANGE,MEDIUM,2065.0,-860.0,-581.0,24.0,-303.0,-10.35897435897436,-4.8654644268774705,"Check transactions, valuation, reclassification, and revisions."
2023-11,Philippines,44806,Treasuries,UNUSUAL_POSITION_CHANGE,MEDIUM,53400.0,3906.0,4038.0,544.0,-676.0,-1.3658221198529115,4.7958093220338975,"Check transactions, valuation, reclassification, and revisions."
2023-11,Israel,42501,Treasuries,UNUSUAL_POSITION_CHANGE,MEDIUM,58082.0,9267.0,8680.0,940.0,-353.0,-0.7231383795964356,4.357476671309192,"Check transactions, valuation, reclassification, and revisions."
2023-11,Canada,29998,Agency bonds,UNUSUAL_POSITION_CHANGE,MEDIUM,127341.0,12809.0,13285.0,703.0,-1179.0,-1.029406628715119,4.128137155705453,"Check transactions, valuation, reclassification, and revisions."
2023-11,Canada,29998,Treasuries,LARGE_UNEXPLAINED_RESIDUAL,MEDIUM,285703.0,40557.0,45957.0,6868.0,-12268.0,-5.004364745906521,2.773827009050267,"Check source data, revisions, and other adjustments."
2023-11,Belgium,10251,Equities,LARGE_UNEXPLAINED_RESIDUAL,MEDIUM,93286.0,9393.0,1714.0,1814.0,5865.0,6.991048120820569,2.2548666396103894,"Check source data, revisions, and other adjustments."
2023-11,Bahamas,35319,Equities,LARGE_UNEXPLAINED_RESIDUAL,MEDIUM,27933.0,1883.0,-2472.0,1984.0,2371.0,9.101727447216891,1.6073905472636816,"Check source data, revisions, and other adjustments."
2023-11,Spain,12505,Agency bonds,LARGE_UNEXPLAINED_RESIDUAL,MEDIUM,5128.0,-320.0,198.0,-15.0,-503.0,-9.232745961820852,-1.2637358916478556,"Check source data, revisions, and other adjustments."
2023-11,France,10804,Agency bonds,LARGE_UNEXPLAINED_RESIDUAL,MEDIUM,22574.0,1360.0,50.0,124.0,1186.0,5.590647685490714,0.9604908280922431,"Check source data, revisions, and other adjustments."
2023-11,Cayman Islands,36137,Treasuries,LARGE_UNEXPLAINED_RESIDUAL,MEDIUM,188661.0,3978.0,5708.0,8703.0,-10433.0,-5.649139336051505,0.4421494427558258,"Check source data, revisions, and other adjustments."
2023-11,United Arab Emirates,46604,Treasuries,LARGE_UNEXPLAINED_RESIDUAL,MEDIUM,52426.0,-729.0,685.0,2143.0,-3557.0,-6.691750540871038,-0.29358763707110014,"Check source data, revisions, and other adjustments."
2023-11,Chile,30406,Agency bonds,UNUSUAL_POSITION_CHANGE,HIGH,1386.0,880.0,838.0,34.0,8.0,1.5810276679841897,51.78986956521739,"Check transactions, valuation, reclassification, and revisions."
2023-11,Ukraine,16403,Treasuries,LARGE_UNEXPLAINED_RESIDUAL,HIGH,15600.0,-5207.0,2083.0,615.0,-7905.0,-37.99202191570145,-2.901791239316239,"Check source data, revisions, and other adjustments."
2023-11,France,10804,Treasuries,LARGE_UNEXPLAINED_RESIDUAL,HIGH,225773.0,24408.0,45063.0,1971.0,-22626.0,-11.236312169443547,2.6309669770717585,"Check source data, revisions, and other adjustments."
2023-11,Peru,32204,Equities,LARGE_UNEXPLAINED_RESIDUAL,HIGH,6650.0,744.0,1405.0,257.0,-918.0,-15.543515069420929,2.5110383795309166,"Check source data, revisions, and other adjustments."
2023-11,Indonesia,42218,Treasuries,LARGE_UNEXPLAINED_RESIDUAL,HIGH,9997.0,1157.0,153.0,106.0,898.0,10.158371040723981,2.0294231613611418,"Check source data, revisions, and other adjustments."
2023-11,Bahamas,35319,Treasuries,LARGE_UNEXPLAINED_RESIDUAL,HIGH,6783.0,351.0,2804.0,170.0,-2623.0,-40.78047263681592,0.6303131021194605,"Check source data, revisions, and other adjustments."
2023-10,Luxembourg,11703,Treasuries,UNUSUAL_POSITION_CHANGE,MEDIUM,255649.0,-20464.0,-16921.0,-1851.0,-1692.0,-0.6127925885416478,-4.1737766294612095,"Check transactions, valuation, reclassification, and revisions."
2023-10,United Kingdom,13005,Treasuries,LARGE_UNEXPLAINED_RESIDUAL,MEDIUM,529570.0,33045.0,10869.0,-3977.0,26153.0,5.267207089270429,1.292195330149561,"Check source data, revisions, and other adjustments."
2023-10,Cayman Islands,36137,Treasuries,LARGE_UNEXPLAINED_RESIDUAL,MEDIUM,184683.0,9453.0,1801.0,-2326.0,9978.0,5.694230439993152,1.1976139027622057,"Check source data, revisions, and other adjustments."
2023-10,South Africa,55719,Treasuries,LARGE_UNEXPLAINED_RESIDUAL,MEDIUM,12060.0,-963.0,-65.0,115.0,-1013.0,-7.7785456500038395,-1.0159814930991218,"Check source data, revisions, and other adjustments."
2023-10,United Kingdom,13005,Agency bonds,LARGE_UNEXPLAINED_RESIDUAL,MEDIUM,35871.0,5474.0,7605.0,-163.0,-1968.0,-6.474323123992499,0.6386483450108722,"Check source data, revisions, and other adjustments."
2023-10,Ukraine,16403,Treasuries,LARGE_UNEXPLAINED_RESIDUAL,MEDIUM,20807.0,-780.0,-872.0,2138.0,-2046.0,-9.477926529855932,-0.6056788506645817,"Check source data, revisions, and other adjustments."
2023-10,Belgium,10251,Equities,LARGE_UNEXPLAINED_RESIDUAL,MEDIUM,83893.0,-2155.0,-487.0,-8523.0,6855.0,7.9664838229825214,-0.2505798934753662,"Check source data, revisions, and other adjustments."
2023-10,Israel,42501,Agency bonds,UNUSUAL_POSITION_CHANGE,HIGH,5284.0,-1632.0,-1492.0,-137.0,-3.0,-0.04337767495662233,-10.030564444444444,"Check transactions, valuation, reclassification, and revisions."
2023-10,Bahamas,35319,Treasuries,LARGE_UNEXPLAINED_RESIDUAL,HIGH,6432.0,159.0,3591.0,-32.0,-3400.0,-54.200542005420054,0.24089285714285713,"Check source data, revisions, and other adjustments."
2023-10,Bahamas,35319,Equities,LARGE_UNEXPLAINED_RESIDUAL,HIGH,26050.0,-89.0,-2897.0,-774.0,3582.0,13.703661195914151,0.06799949083503054,"Check source data, revisions, and other adjustments."
2023-09,New Zealand,61689,Treasuries,UNUSUAL_POSITION_CHANGE,MEDIUM,5675.0,747.0,860.0,-49.0,-64.0,-1.2987012987012987,4.92109693877551,"Check transactions, valuation, reclassification, and revisions."
2023-09,Belgium,10251,Agency bonds,UNUSUAL_POSITION_CHANGE,MEDIUM,10617.0,-1842.0,428.0,-272.0,-1998.0,-16.036600048157958,-4.518323117338004,"Check transactions, valuation, reclassification, and revisions."
2023-09,Sweden,12602,Corporate bonds,UNUSUAL_POSITION_CHANGE,MEDIUM,9975.0,1448.0,154.0,1290.0,4.0,0.04690981587897267,4.177024096385542,"Check transactions, valuation, reclassification, and revisions."
2023-09,Mexico,31704,Equities,LARGE_UNEXPLAINED_RESIDUAL,MEDIUM,81110.0,-3820.0,4653.0,-3051.0,-5422.0,-6.38408100788885,-1.6705202405397477,"Check source data, revisions, and other adjustments."
2023-09,Singapore,46019,Corporate bonds,LARGE_UNEXPLAINED_RESIDUAL,MEDIUM,72570.0,-1252.0,1283.0,-7556.0,5021.0,6.801495489149576,-1.6561755468311832,"Check source data, revisions, and other adjustments."
2023-09,Ukraine,16403,Treasuries,LARGE_UNEXPLAINED_RESIDUAL,MEDIUM,21587.0,2085.0,2007.0,-1559.0,1637.0,8.39401087067993,1.0810263772175537,"Check source data, revisions, and other adjustments."
2023-09,Kuwait,43109,Treasuries,LARGE_UNEXPLAINED_RESIDUAL,MEDIUM,39334.0,-783.0,-30.0,-2899.0,2146.0,5.349353142059476,-0.49199280368451354,"Check source data, revisions, and other adjustments."
2023-09,United Kingdom,13005,Agency bonds,LARGE_UNEXPLAINED_RESIDUAL,MEDIUM,30397.0,-1092.0,1576.0,-226.0,-2442.0,-7.755089078725904,-0.3094283362218371,"Check source data, revisions, and other adjustments."
2023-09,Australia,60089,Agency bonds,UNUSUAL_POSITION_CHANGE,HIGH,11011.0,3200.0,458.0,-277.0,3019.0,38.650620919216486,10.010085480093677,"Check transactions, valuation, reclassification, and revisions."
2023-09,Australia,60089,Agency bonds,LARGE_UNEXPLAINED_RESIDUAL,HIGH,11011.0,3200.0,458.0,-277.0,3019.0,38.650620919216486,10.010085480093677,"Check source data, revisions, and other adjustments."
2023-09,Belgium,10251,Agency bonds,LARGE_UNEXPLAINED_RESIDUAL,HIGH,10617.0,-1842.0,428.0,-272.0,-1998.0,-16.036600048157958,-4.518323117338004,"Check source data, revisions, and other adjustments."
2023-08,Jersey,13007,Treasuries,UNUSUAL_POSITION_CHANGE,MEDIUM,3099.0,-938.0,150.0,-1.0,-1087.0,-26.92593510032202,-6.65057,"Check transactions, valuation, reclassification, and revisions."
2023-08,Barbados,30155,Corporate bonds,UNUSUAL_POSITION_CHANGE,MEDIUM,10286.0,2019.0,145.0,358.0,1516.0,18.337970243135356,6.1493179775280895,"Check transactions, valuation, reclassification, and revisions."
2023-08,Norway,12203,Corporate bonds,UNUSUAL_POSITION_CHANGE,MEDIUM,60797.0,4631.0,5009.0,-217.0,-161.0,-0.28665028665028663,4.540606990014265,"Check transactions, valuation, reclassification, and revisions."
2023-08,France,10804,Agency bonds,LARGE_UNEXPLAINED_RESIDUAL,MEDIUM,22260.0,1809.0,249.0,26.0,1534.0,7.500855703877561,1.291639856557377,"Check source data, revisions, and other adjustments."
2023-08,Australia,60089,Agency bonds,LARGE_UNEXPLAINED_RESIDUAL,MEDIUM,7811.0,438.0,-232.0,1.0,669.0,9.07364709073647,1.2842353629976582,"Check source data, revisions, and other adjustments."
2023-08,South Africa,55719,Treasuries,LARGE_UNEXPLAINED_RESIDUAL,MEDIUM,12786.0,-745.0,722.0,-787.0,-680.0,-5.025497006873106,-1.0042555555555557,"Check source data, revisions, and other adjustments."
2023-08,Jersey,13007,Treasuries,LARGE_UNEXPLAINED_RESIDUAL,HIGH,3099.0,-938.0,150.0,-1.0,-1087.0,-26.92593510032202,-6.65057,"Check source data, revisions, and other adjustments."
2023-08,Barbados,30155,Corporate bonds,LARGE_UNEXPLAINED_RESIDUAL,HIGH,10286.0,2019.0,145.0,358.0,1516.0,18.337970243135356,6.1493179775280895,"Check source data, revisions, and other adjustments."
2023-08,United Arab Emirates,46604,Equities,LARGE_UNEXPLAINED_RESIDUAL,HIGH,174706.0,23823.0,309.0,-467.0,23981.0,15.893771995519707,3.4328443620963474,"Check source data, revisions, and other adjustments."
2023-08,Bahamas,35319,Treasuries,LARGE_UNEXPLAINED_RESIDUAL,HIGH,5834.0,593.0,2982.0,14.0,-2403.0,-45.850028620492274,1.6509476614699332,"Check source data, revisions, and other adjustments."
2023-08,Austria,10189,Treasuries,LARGE_UNEXPLAINED_RESIDUAL,HIGH,4482.0,-641.0,334.0,-0.0,-975.0,-19.03181729455397,-1.5637557959814528,"Check source data, revisions, and other adjustments."
2023-08,Anguilla,30228,Equities,LARGE_UNEXPLAINED_RESIDUAL,HIGH,9635.0,-869.0,455.0,10.0,-1334.0,-12.6999238385377,-0.7879071218795889,"Check source data, revisions, and other adjustments."
2023-08,Bahamas,35319,Equities,LARGE_UNEXPLAINED_RESIDUAL,HIGH,27599.0,141.0,-3046.0,-558.0,3745.0,13.639012309709374,0.2221326326326326,"Check source data, revisions, and other adjustments."
2023-07,Germany,11002,Agency bonds,UNUSUAL_POSITION_CHANGE,MEDIUM,2614.0,-2423.0,86.0,-20.0,-2489.0,-49.41433392892595,-6.772929606625258,"Check transactions, valuation, reclassification, and revisions."
2023-07,Jersey,13007,Treasuries,UNUSUAL_POSITION_CHANGE,MEDIUM,4037.0,878.0,170.0,-109.0,817.0,25.86261475150364,6.176232432432433,"Check transactions, valuation, reclassification, and revisions."
2023-07,Spain,12505,Corporate bonds,UNUSUAL_POSITION_CHANGE,MEDIUM,6848.0,980.0,-83.0,1059.0,4.0,0.0681663258350375,4.29125415282392,"Check transactions, valuation, reclassification, and revisions."
2023-07,Mexico,31704,Agency bonds,LARGE_UNEXPLAINED_RESIDUAL,MEDIUM,9650.0,-1329.0,-385.0,-293.0,-651.0,-5.929501776118044,-2.7317853309481217,"Check source data, revisions, and other adjustments."
2023-07,Netherlands,12106,Agency bonds,LARGE_UNEXPLAINED_RESIDUAL,MEDIUM,18006.0,1853.0,656.0,-137.0,1334.0,8.258527827648114,2.4296570657065706,"Check source data, revisions, and other adjustments."
2023-07,International,72907,Corporate bonds,LARGE_UNEXPLAINED_RESIDUAL,MEDIUM,11358.0,777.0,123.0,7.0,647.0,6.114733957092902,2.4105081967213113,"Check source data, revisions, and other adjustments."
2023-07,France,10804,Agency bonds,LARGE_UNEXPLAINED_RESIDUAL,MEDIUM,20451.0,2021.0,465.0,-101.0,1657.0,8.990775908844276,1.7903501275510203,"Check source data, revisions, and other adjustments."
2023-07,International,72907,Equities,LARGE_UNEXPLAINED_RESIDUAL,MEDIUM,14071.0,616.0,-97.0,1888.0,-1175.0,-8.732813080639168,1.2434484732824427,"Check source data, revisions, and other adjustments."
2023-07,International,72907,Treasuries,LARGE_UNEXPLAINED_RESIDUAL,MEDIUM,51019.0,1818.0,3960.0,607.0,-2749.0,-5.587284811284324,0.7530014444903013,"Check source data, revisions, and other adjustments."
2023-07,Ukraine,16403,Treasuries,LARGE_UNEXPLAINED_RESIDUAL,MEDIUM,18275.0,-659.0,-730.0,1569.0,-1498.0,-7.911693250237668,-0.596328447091159,"Check source data, revisions, and other adjustments."
2023-07,Germany,11002,Agency bonds,LARGE_UNEXPLAINED_RESIDUAL,HIGH,2614.0,-2423.0,86.0,-20.0,-2489.0,-49.41433392892595,-6.772929606625258,"Check source data, revisions, and other adjustments."
2023-07,Jersey,13007,Treasuries,LARGE_UNEXPLAINED_RESIDUAL,HIGH,4037.0,878.0,170.0,-109.0,817.0,25.86261475150364,6.176232432432433,"Check source data, revisions, and other adjustments."
2023-07,Aruba,35254,Corporate bonds,LARGE_UNEXPLAINED_RESIDUAL,HIGH,695.0,46.0,-566.0,12.0,600.0,92.44992295839754,3.1027,"Check source data, revisions, and other adjustments."
2023-07,Portugal,12319,Treasuries,LARGE_UNEXPLAINED_RESIDUAL,HIGH,4793.0,-652.0,151.0,-20.0,-783.0,-14.380165289256198,-2.464519230769231,"Check source data, revisions, and other adjustments."
2023-07,Cayman Islands,36137,Treasuries,LARGE_UNEXPLAINED_RESIDUAL,HIGH,179371.0,14545.0,897.0,-3862.0,17510.0,10.623323990147185,2.2024554293077196,"Check source data, revisions, and other adjustments."
2023-07,Bahamas,35319,Equities,LARGE_UNEXPLAINED_RESIDUAL,HIGH,27458.0,1872.0,-5267.0,678.0,6461.0,25.252090987258658,1.414938900203666,"Check source data, revisions, and other adjustments."
2023-07,Austria,10189,Treasuries,LARGE_UNEXPLAINED_RESIDUAL,HIGH,5123.0,430.0,-476.0,-48.0,954.0,20.328148305987643,0.707281296023564,"Check source data, revisions, and other adjustments."
2023-07,Bahamas,35319,Treasuries,LARGE_UNEXPLAINED_RESIDUAL,HIGH,5241.0,-119.0,4738.0,15.0,-4872.0,-90.8955223880597,-0.4882238307349666,"Check source data, revisions, and other adjustments."
2023-06,Austria,10189,Equities,LARGE_UNEXPLAINED_RESIDUAL,MEDIUM,30850.0,11973.0,9470.0,811.0,1692.0,8.963288658155427,7.168883027522935,"Check source data, revisions, and other adjustments."
2023-06,Uruguay,32603,Treasuries,UNUSUAL_POSITION_CHANGE,MEDIUM,8427.0,927.0,918.0,552.0,-543.0,-7.24,5.840958115183247,"Check transactions, valuation, reclassification, and revisions."
2023-06,Uruguay,32603,Treasuries,LARGE_UNEXPLAINED_RESIDUAL,MEDIUM,8427.0,927.0,918.0,552.0,-543.0,-7.24,5.840958115183247,"Check source data, revisions, and other adjustments."
2023-06,Netherlands,12106,Agency bonds,UNUSUAL_POSITION_CHANGE,MEDIUM,16153.0,-4486.0,184.0,-266.0,-4404.0,-21.338243131934686,-5.18209054770318,"Check transactions, valuation, reclassification, and revisions."
2023-06,Germany,11002,Agency bonds,UNUSUAL_POSITION_CHANGE,MEDIUM,5037.0,1809.0,93.0,-25.0,1741.0,53.93432465923172,5.108325051759834,"Check transactions, valuation, reclassification, and revisions."
2023-06,Mexico,31704,Agency bonds,UNUSUAL_POSITION_CHANGE,MEDIUM,10979.0,-1667.0,-1560.0,-196.0,89.0,0.703779851336391,-4.1864535864978905,"Check transactions, valuation, reclassification, and revisions."
2023-06,Colombia,30503,Corporate bonds,UNUSUAL_POSITION_CHANGE,MEDIUM,3600.0,520.0,511.0,-10.0,19.0,0.6168831168831169,4.047000000000001,"Check transactions, valuation, reclassification, and revisions."
2023-06,Belgium,10251,Agency bonds,LARGE_UNEXPLAINED_RESIDUAL,MEDIUM,11617.0,611.0,-13.0,-42.0,666.0,6.051244775576958,1.404883429672447,"Check source data, revisions, and other adjustments."
2023-06,France,10804,Agency bonds,LARGE_UNEXPLAINED_RESIDUAL,MEDIUM,18430.0,-1398.0,-64.0,-91.0,-1243.0,-6.268912648779504,-1.2040341198979592,"Check source data, revisions, and other adjustments."
2023-06,Ireland,11401,Agency bonds,LARGE_UNEXPLAINED_RESIDUAL,MEDIUM,36993.0,1408.0,4264.0,407.0,-3263.0,-9.169593930026696,0.9955664644236073,"Check source data, revisions, and other adjustments."
2023-06,Bahamas,35319,Corporate bonds,LARGE_UNEXPLAINED_RESIDUAL,MEDIUM,7955.0,-51.0,454.0,47.0,-552.0,-6.894828878341244,-0.30165138888888887,"Check source data, revisions, and other adjustments."
2023-06,Bahamas,35319,Equities,LARGE_UNEXPLAINED_RESIDUAL,MEDIUM,25586.0,134.0,-3309.0,1088.0,2355.0,9.252710985384253,0.2280386965376782,"Check source data, revisions, and other adjustments."
2023-06,International,72907,Agency bonds,UNUSUAL_POSITION_CHANGE,HIGH,7099.0,2387.0,650.0,26.0,1711.0,36.311544991511035,20.205305031446542,"Check transactions, valuation, reclassification, and revisions."
2023-06,International,72907,Agency bonds,LARGE_UNEXPLAINED_RESIDUAL,HIGH,7099.0,2387.0,650.0,26.0,1711.0,36.311544991511035,20.205305031446542,"Check source data, revisions, and other adjustments."
2023-06,Morocco,54003,Equities,UNUSUAL_POSITION_CHANGE,HIGH,2832.0,617.0,507.0,108.0,2.0,0.09029345372460497,10.059209876543209,"Check transactions, valuation, reclassification, and revisions."
2023-06,Egypt,57002,Equities,UNUSUAL_POSITION_CHANGE,HIGH,1017.0,699.0,665.0,33.0,1.0,0.31446540880503143,9.305480582524272,"Check transactions, valuation, reclassification, and revisions."
2023-06,Austria,10189,Equities,UNUSUAL_POSITION_CHANGE,HIGH,30850.0,11973.0,9470.0,811.0,1692.0,8.963288658155427,7.168883027522935,"Check transactions, valuation, reclassification, and revisions."
2023-06,Netherlands,12106,Agency bonds,LARGE_UNEXPLAINED_RESIDUAL,HIGH,16153.0,-4486.0,184.0,-266.0,-4404.0,-21.338243131934686,-5.18209054770318,"Check source data, revisions, and other adjustments."
2023-06,Germany,11002,Agency bonds,LARGE_UNEXPLAINED_RESIDUAL,HIGH,5037.0,1809.0,93.0,-25.0,1741.0,53.93432465923172,5.108325051759834,"Check source data, revisions, and other adjustments."
2023-06,Spain,12505,Agency bonds,LARGE_UNEXPLAINED_RESIDUAL,HIGH,5439.0,745.0,50.0,-74.0,769.0,16.38261610566681,3.037425806451613,"Check source data, revisions, and other adjustments."
2023-06,France,10804,Treasuries,LARGE_UNEXPLAINED_RESIDUAL,HIGH,188582.0,20558.0,39498.0,243.0,-19183.0,-11.416821406465743,2.2245462868769073,"Check source data, revisions, and other adjustments."
2023-06,Bahamas,35319,Treasuries,LARGE_UNEXPLAINED_RESIDUAL,HIGH,5360.0,541.0,2507.0,329.0,-2295.0,-47.62398837933181,1.6904974811083122,"Check source data, revisions, and other adjustments."
2023-06,Anguilla,30228,Equities,LARGE_UNEXPLAINED_RESIDUAL,HIGH,10929.0,-1013.0,265.0,456.0,-1734.0,-14.520180874225423,-1.1323001722652886,"Check source data, revisions, and other adjustments."
2023-05,International,72907,Treasuries,UNUSUAL_POSITION_CHANGE,MEDIUM,42550.0,9519.0,7952.0,182.0,1385.0,4.193030789258575,5.434235606731621,"Check transactions, valuation, reclassification, and revisions."
2023-05,Uruguay,32603,Treasuries,UNUSUAL_POSITION_CHANGE,MEDIUM,7500.0,710.0,747.0,257.0,-294.0,-4.329896907216495,4.763897142857143,"Check transactions, valuation, reclassification, and revisions."
2023-05,Barbados,30155,Corporate bonds,UNUSUAL_POSITION_CHANGE,MEDIUM,7980.0,-1496.0,-1598.0,15.0,87.0,0.9181089067116927,-4.5380966292134834,"Check transactions, valuation, reclassification, and revisions."
2023-05,Australia,60089,Treasuries,LARGE_UNEXPLAINED_RESIDUAL,MEDIUM,43224.0,-4250.0,-328.0,-654.0,-3268.0,-6.883767957197624,-3.147666666666667,"Check source data, revisions, and other adjustments."
2023-05,Belgium,10251,Agency bonds,LARGE_UNEXPLAINED_RESIDUAL,MEDIUM,11006.0,974.0,252.0,34.0,688.0,6.8580542264752795,2.795462155963303,"Check source data, revisions, and other adjustments."
2023-05,Bahamas,35319,Agency bonds,LARGE_UNEXPLAINED_RESIDUAL,MEDIUM,18515.0,1639.0,735.0,-274.0,1178.0,6.980327091727897,2.4598452237001207,"Check source data, revisions, and other adjustments."
2023-05,Canada,29998,Treasuries,LARGE_UNEXPLAINED_RESIDUAL,MEDIUM,242538.0,16567.0,31037.0,-1764.0,-12706.0,-5.622845409366689,1.037199214916585,"Check source data, revisions, and other adjustments."
2023-05,Indonesia,42218,Treasuries,LARGE_UNEXPLAINED_RESIDUAL,MEDIUM,9727.0,-900.0,-240.0,160.0,-820.0,-7.7161945986637805,-0.750870018115942,"Check source data, revisions, and other adjustments."
2023-05,France,10804,Treasuries,LARGE_UNEXPLAINED_RESIDUAL,MEDIUM,168024.0,-730.0,-9042.0,-701.0,9013.0,5.340910437678514,-0.04687033414195164,"Check source data, revisions, and other adjustments."
2023-05,Austria,10189,Equities,UNUSUAL_POSITION_CHANGE,HIGH,18877.0,-9706.0,-9118.0,121.0,-709.0,-2.480495399363258,-7.060183668212261,"Check transactions, valuation, reclassification, and revisions."
2023-05,France,10804,Agency bonds,LARGE_UNEXPLAINED_RESIDUAL,HIGH,19828.0,-3442.0,-141.0,44.0,-3345.0,-14.374731413837559,-3.486924107142857,"Check source data, revisions, and other adjustments."
2023-05,Germany,11002,Equities,LARGE_UNEXPLAINED_RESIDUAL,HIGH,380734.0,41014.0,-8745.0,5025.0,44734.0,13.16790297892382,2.238696262668919,"Check source data, revisions, and other adjustments."
2023-05,Anguilla,30228,Equities,LARGE_UNEXPLAINED_RESIDUAL,HIGH,11942.0,-833.0,385.0,71.0,-1289.0,-10.090019569471623,-0.9341912144702842,"Check source data, revisions, and other adjustments."
2023-05,Malaysia,43605,Corporate bonds,LARGE_UNEXPLAINED_RESIDUAL,HIGH,2641.0,3.0,26.0,-5185.0,5162.0,195.67854435178165,0.26136875000000004,"Check source data, revisions, and other adjustments."
2023-04,Ireland,11401,Agency bonds,UNUSUAL_POSITION_CHANGE,MEDIUM,31659.0,6341.0,6208.0,34.0,99.0,0.3910261474050083,5.519757566204287,"Check transactions, valuation, reclassification, and revisions."
2023-04,Uruguay,32603,Treasuries,UNUSUAL_POSITION_CHANGE,MEDIUM,6790.0,678.0,589.0,40.0,49.0,0.8017015706806283,5.0523057324840766,"Check transactions, valuation, reclassification, and revisions."
2023-04,Austria,10189,Corporate bonds,UNUSUAL_POSITION_CHANGE,MEDIUM,1639.0,-508.0,-489.0,24.0,-43.0,-2.0027945971122496,-4.716503703703704,"Check transactions, valuation, reclassification, and revisions."
2023-04,Kuwait,43109,Corporate bonds,UNUSUAL_POSITION_CHANGE,MEDIUM,24872.0,1749.0,661.0,387.0,701.0,3.0316135449552393,4.463127992633518,"Check transactions, valuation, reclassification, and revisions."
2023-04,France,10804,Treasuries,LARGE_UNEXPLAINED_RESIDUAL,MEDIUM,168754.0,13478.0,27023.0,-178.0,-13367.0,-8.608542208712228,1.5549058484349259,"Check source data, revisions, and other adjustments."
2023-04,South Africa,55719,Treasuries,LARGE_UNEXPLAINED_RESIDUAL,MEDIUM,11383.0,-570.0,13.0,196.0,-779.0,-6.5171923366518865,-0.9149012390670554,"Check source data, revisions, and other adjustments."
2023-04,Indonesia,42218,Treasuries,LARGE_UNEXPLAINED_RESIDUAL,MEDIUM,10627.0,276.0,5.0,1043.0,-772.0,-7.4582165974302,0.7311423745173745,"Check source data, revisions, and other adjustments."
2023-04,Italy,11509,Equities,LARGE_UNEXPLAINED_RESIDUAL,MEDIUM,59045.0,2333.0,-2503.0,451.0,4385.0,7.732049654394132,0.370140258091813,"Check source data, revisions, and other adjustments."
2023-04,Anguilla,30228,Equities,LARGE_UNEXPLAINED_RESIDUAL,MEDIUM,12775.0,-23.0,677.0,149.0,-849.0,-6.63384903891233,-0.10540539593552908,"Check source data, revisions, and other adjustments."
2023-04,United Arab Emirates,46604,Agency bonds,UNUSUAL_POSITION_CHANGE,HIGH,2837.0,2287.0,270.0,2148.0,-131.0,-23.818181818181817,134.10819565217392,"Check transactions, valuation, reclassification, and revisions."
2023-04,Morocco,54003,Equities,UNUSUAL_POSITION_CHANGE,HIGH,2046.0,-503.0,-554.0,41.0,10.0,0.39231071008238527,-14.50175,"Check transactions, valuation, reclassification, and revisions."
2023-04,Egypt,57002,Equities,UNUSUAL_POSITION_CHANGE,HIGH,319.0,-695.0,-707.0,20.0,-8.0,-0.7889546351084813,-12.175589743589743,"Check transactions, valuation, reclassification, and revisions."
2023-04,Costa Rica,30589,Treasuries,UNUSUAL_POSITION_CHANGE,HIGH,3121.0,605.0,730.0,-1.0,-124.0,-4.92845786963434,9.085911764705882,"Check transactions, valuation, reclassification, and revisions."
2023-04,Colombia,30503,Corporate bonds,UNUSUAL_POSITION_CHANGE,HIGH,2692.0,-782.0,-773.0,-13.0,4.0,0.11514104778353483,-7.290143835616438,"Check transactions, valuation, reclassification, and revisions."
2023-04,United Kingdom,13005,Agency bonds,LARGE_UNEXPLAINED_RESIDUAL,HIGH,31016.0,2388.0,5232.0,60.0,-2904.0,-10.143915048204555,-0.06586937015419461,"Check source data, revisions, and other adjustments."
2023-03,Colombia,30503,Corporate bonds,UNUSUAL_POSITION_CHANGE,MEDIUM,3474.0,710.0,658.0,35.0,17.0,0.6150506512301013,6.911181159420289,"Check transactions, valuation, reclassification, and revisions."
2023-03,France,10804,Agency bonds,UNUSUAL_POSITION_CHANGE,MEDIUM,20585.0,5411.0,718.0,256.0,4437.0,29.240806642941873,6.82736262719704,"Check transactions, valuation, reclassification, and revisions."
2023-03,Uruguay,32603,Treasuries,UNUSUAL_POSITION_CHANGE,MEDIUM,6112.0,606.0,645.0,83.0,-122.0,-2.2157646204140935,4.568204545454545,"Check transactions, valuation, reclassification, and revisions."
2023-03,Kuwait,43109,Corporate bonds,UNUSUAL_POSITION_CHANGE,MEDIUM,23123.0,1084.0,817.0,313.0,-46.0,-0.2087209038522619,4.136567750677506,"Check transactions, valuation, reclassification, and revisions."
2023-03,Philippines,44806,Equities,UNUSUAL_POSITION_CHANGE,MEDIUM,3503.0,-1132.0,54.0,12.0,-1198.0,-25.846817691477884,-4.0347681347150255,"Check transactions, valuation, reclassification, and revisions."
2023-03,Netherlands,12106,Agency bonds,LARGE_UNEXPLAINED_RESIDUAL,MEDIUM,19728.0,1783.0,249.0,197.0,1337.0,7.450543326831987,2.5318000958772773,"Check source data, revisions, and other adjustments."
2023-03,Germany,11002,Treasuries,LARGE_UNEXPLAINED_RESIDUAL,MEDIUM,69425.0,-969.0,1976.0,1101.0,-4046.0,-5.7476489473534675,-0.43331113295650037,"Check source data, revisions, and other adjustments."
2023-03,Indonesia,42218,Treasuries,LARGE_UNEXPLAINED_RESIDUAL,MEDIUM,10351.0,-374.0,-702.0,-437.0,765.0,7.1328671328671325,-0.1139358108108108,"Check source data, revisions, and other adjustments."
2023-03,Thailand,46418,Treasuries,UNUSUAL_POSITION_CHANGE,HIGH,43657.0,9800.0,8877.0,926.0,-3.0,-0.008860796880999498,12.173204244031831,"Check transactions, valuation, reclassification, and revisions."
2023-03,France,10804,Agency bonds,LARGE_UNEXPLAINED_RESIDUAL,HIGH,20585.0,5411.0,718.0,256.0,4437.0,29.240806642941873,6.82736262719704,"Check source data, revisions, and other adjustments."
2023-03,Philippines,44806,Equities,LARGE_UNEXPLAINED_RESIDUAL,HIGH,3503.0,-1132.0,54.0,12.0,-1198.0,-25.846817691477884,-4.0347681347150255,"Check source data, revisions, and other adjustments."
2023-03,New Zealand,61689,Treasuries,LARGE_UNEXPLAINED_RESIDUAL,HIGH,4289.0,19.0,30.0,533.0,-544.0,-12.740046838407494,-0.01082085561497326,"Check source data, revisions, and other adjustments."
2023-02,Thailand,46418,Treasuries,UNUSUAL_POSITION_CHANGE,MEDIUM,33857.0,4958.0,5477.0,-522.0,3.0,0.01038098204090107,6.074872771474879,"Check transactions, valuation, reclassification, and revisions."
2023-02,Kuwait,43109,Corporate bonds,UNUSUAL_POSITION_CHANGE,MEDIUM,22039.0,-1164.0,-320.0,-974.0,130.0,0.5602723785717364,-4.081730352303523,"Check transactions, valuation, reclassification, and revisions."
2023-02,Netherlands,12106,Agency bonds,LARGE_UNEXPLAINED_RESIDUAL,MEDIUM,17945.0,1182.0,418.0,-455.0,1219.0,7.271968024816561,2.7794225037257827,"Check source data, revisions, and other adjustments."
2023-02,United Kingdom,13005,Agency bonds,LARGE_UNEXPLAINED_RESIDUAL,MEDIUM,25546.0,710.0,3269.0,-288.0,-2271.0,-9.143984538573038,-0.02554441375299847,"Check source data, revisions, and other adjustments."
2023-02,Egypt,57002,Treasuries,UNUSUAL_POSITION_CHANGE,HIGH,94.0,-1033.0,-1015.0,-16.0,-2.0,-0.1774622892635315,-464.5056666666667,"Check transactions, valuation, reclassification, and revisions."
2023-02,Malaysia,43605,Treasuries,UNUSUAL_POSITION_CHANGE,HIGH,11037.0,2437.0,2664.0,-227.0,0.0,0.0,10.896590189873416,"Check transactions, valuation, reclassification, and revisions."
2023-02,Spain,12505,Treasuries,LARGE_UNEXPLAINED_RESIDUAL,HIGH,48550.0,9882.0,4758.0,-595.0,5719.0,14.790007241129617,3.173,"Check source data, revisions, and other adjustments."
2023-02,Anguilla,30228,Equities,LARGE_UNEXPLAINED_RESIDUAL,HIGH,11764.0,-169.0,2361.0,-306.0,-2224.0,-18.637392105924746,-0.42782266982622436,"Check source data, revisions, and other adjustments."
2023-02,Austria,10189,Treasuries,LARGE_UNEXPLAINED_RESIDUAL,HIGH,4389.0,193.0,-306.0,-55.0,554.0,13.203050524308866,0.33725,"Check source data, revisions, and other adjustments."
2023-01,Switzerland,12688,Agency bonds,UNUSUAL_POSITION_CHANGE,MEDIUM,7694.0,-5504.0,,,,,-6.9180625000000004,"Check transactions, valuation, reclassification, and revisions."
2023-01,Netherlands,12106,Agency bonds,UNUSUAL_POSITION_CHANGE,MEDIUM,16763.0,2617.0,,,,,5.664392697466468,"Check transactions, valuation, reclassification, and revisions."
2023-01,Israel,42501,Corporate bonds,UNUSUAL_POSITION_CHANGE,MEDIUM,8488.0,-860.0,,,,,-5.544833333333334,"Check transactions, valuation, reclassification, and revisions."
2023-01,Uruguay,32603,Treasuries,UNUSUAL_POSITION_CHANGE,MEDIUM,5099.0,565.0,,,,,4.7498006993007,"Check transactions, valuation, reclassification, and revisions."
2023-01,Malaysia,43605,Treasuries,UNUSUAL_POSITION_CHANGE,MEDIUM,8600.0,939.0,,,,,4.59332398753894,"Check transactions, valuation, reclassification, and revisions."
2023-01,France,10804,Agency bonds,UNUSUAL_POSITION_CHANGE,MEDIUM,15086.0,-2814.0,,,,,-4.231373576309795,"Check transactions, valuation, reclassification, and revisions."
2023-01,British Virgin Islands,35807,Treasuries,UNUSUAL_POSITION_CHANGE,MEDIUM,30266.0,-2616.0,,,,,-4.119673400673401,"Check transactions, valuation, reclassification, and revisions."
2023-01,Egypt,57002,Treasuries,UNUSUAL_POSITION_CHANGE,HIGH,1127.0,1034.0,,,,,697.433,"Check transactions, valuation, reclassification, and revisions."
2023-01,Barbados,30155,Corporate bonds,UNUSUAL_POSITION_CHANGE,HIGH,10241.0,1074.0,,,,,7.783802139037433,"Check transactions, valuation, reclassification, and revisions."
2023-01,Guernsey,13006,Corporate bonds,UNUSUAL_POSITION_CHANGE,HIGH,8963.0,1296.0,,,,,7.239269230769231,"Check transactions, valuation, reclassification, and revisions."
2022-12,Switzerland,12688,Agency bonds,UNUSUAL_POSITION_CHANGE,MEDIUM,13198.0,-4219.0,,,,,-6.4234806598407275,"Check transactions, valuation, reclassification, and revisions."
2022-12,Uruguay,32603,Treasuries,UNUSUAL_POSITION_CHANGE,MEDIUM,4534.0,538.0,,,,,6.325893203883496,"Check transactions, valuation, reclassification, and revisions."
2022-11,International,72907,Corporate bonds,UNUSUAL_POSITION_CHANGE,MEDIUM,10761.0,1928.0,,,,,6.830650793650793,"Check transactions, valuation, reclassification, and revisions."
2022-11,International,72907,Agency bonds,UNUSUAL_POSITION_CHANGE,MEDIUM,4619.0,-720.0,,,,,-6.325599358974359,"Check transactions, valuation, reclassification, and revisions."
2022-11,Guernsey,13006,Corporate bonds,UNUSUAL_POSITION_CHANGE,MEDIUM,7567.0,1084.0,,,,,6.091828063241107,"Check transactions, valuation, reclassification, and revisions."
2022-11,Norway,12203,Corporate bonds,UNUSUAL_POSITION_CHANGE,MEDIUM,55347.0,5607.0,,,,,5.981561015561016,"Check transactions, valuation, reclassification, and revisions."
2022-11,Israel,42501,Corporate bonds,UNUSUAL_POSITION_CHANGE,MEDIUM,9319.0,768.0,,,,,4.661614485981309,"Check transactions, valuation, reclassification, and revisions."
2022-11,Thailand,46418,Agency bonds,UNUSUAL_POSITION_CHANGE,MEDIUM,12841.0,-3395.0,,,,,-4.504717994628469,"Check transactions, valuation, reclassification, and revisions."
2022-11,France,10804,Agency bonds,UNUSUAL_POSITION_CHANGE,MEDIUM,17552.0,-2788.0,,,,,-4.19142596810934,"Check transactions, valuation, reclassification, and revisions."
2022-11,United Kingdom,13005,Agency bonds,UNUSUAL_POSITION_CHANGE,MEDIUM,22108.0,-63826.0,,,,,-4.1681453945584375,"Check transactions, valuation, reclassification, and revisions."
2022-11,Germany,11002,Corporate bonds,UNUSUAL_POSITION_CHANGE,MEDIUM,105159.0,6648.0,,,,,4.048629883205799,"Check transactions, valuation, reclassification, and revisions."
2022-11,Israel,42501,Equities,UNUSUAL_POSITION_CHANGE,MEDIUM,114940.0,26393.0,,,,,4.026127568053416,"Check transactions, valuation, reclassification, and revisions."
2022-11,Colombia,30503,Corporate bonds,UNUSUAL_POSITION_CHANGE,HIGH,2224.0,-8759.0,,,,,-97.66314049586776,"Check transactions, valuation, reclassification, and revisions."
2022-11,Mexico,31704,Equities,UNUSUAL_POSITION_CHANGE,HIGH,77025.0,41716.0,,,,,25.18051724137931,"Check transactions, valuation, reclassification, and revisions."
2022-11,Egypt,57002,Equities,UNUSUAL_POSITION_CHANGE,HIGH,1879.0,1586.0,,,,,24.196718390804598,"Check transactions, valuation, reclassification, and revisions."
2022-11,Barbados,30155,Agency bonds,UNUSUAL_POSITION_CHANGE,HIGH,1561.0,-640.0,,,,,-14.18625806451613,"Check transactions, valuation, reclassification, and revisions."
2022-11,Israel,42501,Agency bonds,UNUSUAL_POSITION_CHANGE,HIGH,5459.0,2218.0,,,,,11.036128731343283,"Check transactions, valuation, reclassification, and revisions."
2022-11,Indonesia,42218,Equities,UNUSUAL_POSITION_CHANGE,HIGH,2921.0,-530.0,,,,,-9.21535625,"Check transactions, valuation, reclassification, and revisions."
2022-11,Netherlands,12106,Agency bonds,UNUSUAL_POSITION_CHANGE,HIGH,14798.0,2049.0,,,,,7.821070876288659,"Check transactions, valuation, reclassification, and revisions."
2022-11,France,10804,Corporate bonds,UNUSUAL_POSITION_CHANGE,HIGH,57442.0,-15313.0,,,,,-7.036128418945963,"Check transactions, valuation, reclassification, and revisions."
2022-10,France,10804,Agency bonds,UNUSUAL_POSITION_CHANGE,MEDIUM,20340.0,4141.0,,,,,6.844382850241546,"Check transactions, valuation, reclassification, and revisions."
2022-10,Denmark,10502,Treasuries,UNUSUAL_POSITION_CHANGE,MEDIUM,10266.0,-2686.0,,,,,-6.653257662835249,"Check transactions, valuation, reclassification, and revisions."
2022-10,Philippines,44806,Treasuries,UNUSUAL_POSITION_CHANGE,MEDIUM,45687.0,-4203.0,,,,,-5.9426628272251305,"Check transactions, valuation, reclassification, and revisions."
2022-10,New Zealand,61689,Treasuries,UNUSUAL_POSITION_CHANGE,MEDIUM,3607.0,-809.0,,,,,-4.766667410714286,"Check transactions, valuation, reclassification, and revisions."
2022-09,Norway,12203,Corporate bonds,UNUSUAL_POSITION_CHANGE,MEDIUM,50193.0,-5540.0,,,,,-6.192007205764612,"Check transactions, valuation, reclassification, and revisions."
2022-09,Taiwan,46302,Treasuries,UNUSUAL_POSITION_CHANGE,MEDIUM,209361.0,-16017.0,,,,,-6.0574061722249875,"Check transactions, valuation, reclassification, and revisions."
2022-09,Spain,12505,Agency bonds,UNUSUAL_POSITION_CHANGE,MEDIUM,3895.0,-733.0,,,,,-5.980305232558139,"Check transactions, valuation, reclassification, and revisions."
2022-09,Taiwan,46302,Agency bonds,UNUSUAL_POSITION_CHANGE,MEDIUM,209453.0,-13126.0,,,,,-4.522819155092592,"Check transactions, valuation, reclassification, and revisions."
2022-09,United Kingdom,13005,Corporate bonds,UNUSUAL_POSITION_CHANGE,MEDIUM,391674.0,-56599.0,,,,,-4.472621893491124,"Check transactions, valuation, reclassification, and revisions."
2022-09,Belgium,10251,Treasuries,UNUSUAL_POSITION_CHANGE,MEDIUM,279303.0,37733.0,,,,,4.443318156450562,"Check transactions, valuation, reclassification, and revisions."
2022-09,Japan,42609,Treasuries,UNUSUAL_POSITION_CHANGE,MEDIUM,1037209.0,-81124.0,,,,,-4.1921394939711405,"Check transactions, valuation, reclassification, and revisions."
2022-09,Kazakhstan,16543,Treasuries,UNUSUAL_POSITION_CHANGE,HIGH,2226.0,1166.0,,,,,104.86226666666667,"Check transactions, valuation, reclassification, and revisions."
2022-08,Spain,12505,Agency bonds,UNUSUAL_POSITION_CHANGE,MEDIUM,4628.0,505.0,,,,,5.862018181818182,"Check transactions, valuation, reclassification, and revisions."
2022-08,Australia,60089,Agency bonds,UNUSUAL_POSITION_CHANGE,MEDIUM,4901.0,-837.0,,,,,-4.116363475177304,"Check transactions, valuation, reclassification, and revisions."
2022-07,Australia,60089,Agency bonds,UNUSUAL_POSITION_CHANGE,MEDIUM,5738.0,-979.0,,,,,-5.8544264069264065,"Check transactions, valuation, reclassification, and revisions."
2022-07,United Arab Emirates,46604,Corporate bonds,UNUSUAL_POSITION_CHANGE,MEDIUM,8423.0,-1637.0,,,,,-5.547929455445544,"Check transactions, valuation, reclassification, and revisions."
2022-07,Belgium,10251,Agency bonds,UNUSUAL_POSITION_CHANGE,MEDIUM,7950.0,-1955.0,,,,,-5.131668918918918,"Check transactions, valuation, reclassification, and revisions."
2022-07,Kuwait,43109,Treasuries,UNUSUAL_POSITION_CHANGE,MEDIUM,38330.0,2767.0,,,,,4.870747555012224,"Check transactions, valuation, reclassification, and revisions."
2022-07,Guatemala,31208,Treasuries,UNUSUAL_POSITION_CHANGE,MEDIUM,7345.0,1186.0,,,,,4.733800911854103,"Check transactions, valuation, reclassification, and revisions."
2022-07,Taiwan,46302,Agency bonds,UNUSUAL_POSITION_CHANGE,MEDIUM,231219.0,8549.0,,,,,4.319350015494267,"Check transactions, valuation, reclassification, and revisions."
2022-07,Barbados,30155,Equities,UNUSUAL_POSITION_CHANGE,HIGH,3358.0,-13112.0,,,,,-142.060492,"Check transactions, valuation, reclassification, and revisions."
2022-07,Germany,11002,Agency bonds,UNUSUAL_POSITION_CHANGE,HIGH,2651.0,-3355.0,,,,,-7.890597920277297,"Check transactions, valuation, reclassification, and revisions."
2022-07,Saudi Arabia,45608,Agency bonds,UNUSUAL_POSITION_CHANGE,HIGH,2118.0,712.0,,,,,7.273924460431655,"Check transactions, valuation, reclassification, and revisions."
2022-06,Luxembourg,11703,Treasuries,UNUSUAL_POSITION_CHANGE,MEDIUM,234755.0,17930.0,,,,,4.609195817490495,"Check transactions, valuation, reclassification, and revisions."
2022-06,Cayman Islands,36137,Corporate bonds,UNUSUAL_POSITION_CHANGE,MEDIUM,495688.0,-38630.0,,,,,-4.515058641698772,"Check transactions, valuation, reclassification, and revisions."
2022-06,Hong Kong,42005,Equities,UNUSUAL_POSITION_CHANGE,MEDIUM,141184.0,-18953.0,,,,,-4.394051998183469,"Check transactions, valuation, reclassification, and revisions."
2022-06,Chile,30406,Equities,UNUSUAL_POSITION_CHANGE,MEDIUM,26469.0,-4321.0,,,,,-4.323554127198917,"Check transactions, valuation, reclassification, and revisions."
2022-06,India,42102,Equities,UNUSUAL_POSITION_CHANGE,MEDIUM,8475.0,-672.0,,,,,-4.257918566775245,"Check transactions, valuation, reclassification, and revisions."
2022-06,Luxembourg,11703,Corporate bonds,UNUSUAL_POSITION_CHANGE,MEDIUM,594250.0,-49070.0,,,,,-4.159416666666666,"Check transactions, valuation, reclassification, and revisions."
2022-06,Portugal,12319,Equities,UNUSUAL_POSITION_CHANGE,MEDIUM,6723.0,-839.0,,,,,-4.100026729559748,"Check transactions, valuation, reclassification, and revisions."
2022-06,Mexico,31704,Equities,UNUSUAL_POSITION_CHANGE,MEDIUM,36868.0,-5507.0,,,,,-4.086773955773955,"Check transactions, valuation, reclassification, and revisions."
2022-06,Denmark,10502,Equities,UNUSUAL_POSITION_CHANGE,MEDIUM,148587.0,-20279.0,,,,,-4.065309616555082,"Check transactions, valuation, reclassification, and revisions."
2022-06,Barbados,30155,Equities,UNUSUAL_POSITION_CHANGE,HIGH,16470.0,13140.0,,,,,141.251092,"Check transactions, valuation, reclassification, and revisions."
2022-06,Morocco,54003,Equities,UNUSUAL_POSITION_CHANGE,HIGH,2030.0,1583.0,,,,,54.68638461538461,"Check transactions, valuation, reclassification, and revisions."
2022-06,Australia,60089,Agency bonds,UNUSUAL_POSITION_CHANGE,HIGH,6717.0,-2176.0,,,,,-12.844699134199134,"Check transactions, valuation, reclassification, and revisions."
2022-06,Singapore,46019,Agency bonds,UNUSUAL_POSITION_CHANGE,HIGH,3706.0,-1960.0,,,,,-9.820001901140683,"Check transactions, valuation, reclassification, and revisions."
2022-06,Egypt,57002,Equities,UNUSUAL_POSITION_CHANGE,HIGH,284.0,-661.0,,,,,-8.723100961538462,"Check transactions, valuation, reclassification, and revisions."
2022-06,Germany,11002,Corporate bonds,UNUSUAL_POSITION_CHANGE,HIGH,110043.0,-14440.0,,,,,-7.059337311788468,"Check transactions, valuation, reclassification, and revisions."
2022-05,Thailand,46418,Treasuries,UNUSUAL_POSITION_CHANGE,MEDIUM,29496.0,-10810.0,,,,,-6.063104166666667,"Check transactions, valuation, reclassification, and revisions."
2022-05,Guernsey,13006,Treasuries,UNUSUAL_POSITION_CHANGE,MEDIUM,6572.0,966.0,,,,,4.545128975265018,"Check transactions, valuation, reclassification, and revisions."
2022-05,Finland,10707,Corporate bonds,UNUSUAL_POSITION_CHANGE,MEDIUM,5348.0,-805.0,,,,,-4.23744705882353,"Check transactions, valuation, reclassification, and revisions."
2022-05,Switzerland,12688,Corporate bonds,UNUSUAL_POSITION_CHANGE,MEDIUM,81506.0,-6413.0,,,,,-4.221758533855624,"Check transactions, valuation, reclassification, and revisions."
2022-05,Finland,10707,Equities,UNUSUAL_POSITION_CHANGE,MEDIUM,48452.0,-5483.0,,,,,-4.1671747857465045,"Check transactions, valuation, reclassification, and revisions."
2022-05,Singapore,46019,Agency bonds,UNUSUAL_POSITION_CHANGE,MEDIUM,5666.0,760.0,,,,,4.131633079847909,"Check transactions, valuation, reclassification, and revisions."
2022-05,Barbados,30155,Agency bonds,UNUSUAL_POSITION_CHANGE,HIGH,1722.0,791.0,,,,,32.00809090909091,"Check transactions, valuation, reclassification, and revisions."
2022-05,Barbados,30155,Corporate bonds,UNUSUAL_POSITION_CHANGE,HIGH,10335.0,1898.0,,,,,10.797691983122363,"Check transactions, valuation, reclassification, and revisions."
2022-05,Israel,42501,Corporate bonds,UNUSUAL_POSITION_CHANGE,HIGH,8871.0,1255.0,,,,,9.177054285714286,"Check transactions, valuation, reclassification, and revisions."
2022-05,Sweden,12602,Corporate bonds,UNUSUAL_POSITION_CHANGE,HIGH,9510.0,-1289.0,,,,,-9.086528497409327,"Check transactions, valuation, reclassification, and revisions."
2022-05,Austria,10189,Equities,UNUSUAL_POSITION_CHANGE,HIGH,24496.0,-4407.0,,,,,-7.020319860279441,"Check transactions, valuation, reclassification, and revisions."
2022-04,British Virgin Islands,35807,Treasuries,UNUSUAL_POSITION_CHANGE,MEDIUM,31138.0,3322.0,,,,,6.3690491803278695,"Check transactions, valuation, reclassification, and revisions."
2022-04,India,42102,Equities,UNUSUAL_POSITION_CHANGE,MEDIUM,9052.0,-990.0,,,,,-5.700822115384615,"Check transactions, valuation, reclassification, and revisions."
2022-04,Sweden,12602,Equities,UNUSUAL_POSITION_CHANGE,MEDIUM,317373.0,-35236.0,,,,,-5.538032873414204,"Check transactions, valuation, reclassification, and revisions."
2022-04,Germany,11002,Agency bonds,UNUSUAL_POSITION_CHANGE,MEDIUM,4758.0,2113.0,,,,,4.819934494195689,"Check transactions, valuation, reclassification, and revisions."
2022-04,Kuwait,43109,Equities,UNUSUAL_POSITION_CHANGE,MEDIUM,262323.0,-23950.0,,,,,-4.514434430624061,"Check transactions, valuation, reclassification, and revisions."
2022-04,"China, Mainland",41408,Treasuries,UNUSUAL_POSITION_CHANGE,MEDIUM,965072.0,-45397.0,,,,,-4.493253186652594,"Check transactions, valuation, reclassification, and revisions."
2022-04,Hong Kong,42005,Equities,UNUSUAL_POSITION_CHANGE,MEDIUM,155952.0,-15812.0,,,,,-4.154578203670619,"Check transactions, valuation, reclassification, and revisions."
2022-04,Ireland,11401,Equities,UNUSUAL_POSITION_CHANGE,MEDIUM,823296.0,-74963.0,,,,,-4.14238056063376,"Check transactions, valuation, reclassification, and revisions."
2022-04,Luxembourg,11703,Agency bonds,UNUSUAL_POSITION_CHANGE,MEDIUM,41750.0,8366.0,,,,,4.115095111583422,"Check transactions, valuation, reclassification, and revisions."
2022-04,Indonesia,42218,Equities,UNUSUAL_POSITION_CHANGE,HIGH,3906.0,3067.0,,,,,80.6887156862745,"Check transactions, valuation, reclassification, and revisions."
2022-04,Australia,60089,Agency bonds,UNUSUAL_POSITION_CHANGE,HIGH,9025.0,3814.0,,,,,22.135863636363638,"Check transactions, valuation, reclassification, and revisions."
2022-04,Uruguay,32603,Corporate bonds,UNUSUAL_POSITION_CHANGE,HIGH,967.0,-560.0,,,,,-20.778347222222223,"Check transactions, valuation, reclassification, and revisions."
2022-04,Russia,16101,Equities,UNUSUAL_POSITION_CHANGE,HIGH,1607.0,505.0,,,,,12.620932692307692,"Check transactions, valuation, reclassification, and revisions."
2022-04,Denmark,10502,Equities,UNUSUAL_POSITION_CHANGE,HIGH,180041.0,-58381.0,,,,,-9.70581091256462,"Check transactions, valuation, reclassification, and revisions."
2022-04,Israel,42501,Corporate bonds,UNUSUAL_POSITION_CHANGE,HIGH,7616.0,1136.0,,,,,8.259734285714286,"Check transactions, valuation, reclassification, and revisions."
2022-03,Singapore,46019,Agency bonds,UNUSUAL_POSITION_CHANGE,MEDIUM,4885.0,1184.0,,,,,5.4891875,"Check transactions, valuation, reclassification, and revisions."
2022-03,Israel,42501,Corporate bonds,UNUSUAL_POSITION_CHANGE,MEDIUM,6480.0,-600.0,,,,,-5.122345714285714,"Check transactions, valuation, reclassification, and revisions."
2022-03,British Virgin Islands,35807,Treasuries,UNUSUAL_POSITION_CHANGE,MEDIUM,27816.0,-2815.0,,,,,-4.940804644808743,"Check transactions, valuation, reclassification, and revisions."
2022-03,Japan,42609,Treasuries,UNUSUAL_POSITION_CHANGE,MEDIUM,1145920.0,-78868.0,,,,,-4.932818761384335,"Check transactions, valuation, reclassification, and revisions."
2022-03,Taiwan,46302,Treasuries,UNUSUAL_POSITION_CHANGE,MEDIUM,229884.0,-9555.0,,,,,-4.915819751590427,"Check transactions, valuation, reclassification, and revisions."
2022-03,Thailand,46418,Equities,UNUSUAL_POSITION_CHANGE,MEDIUM,21112.0,-3461.0,,,,,-4.400523294509152,"Check transactions, valuation, reclassification, and revisions."
2022-03,Switzerland,12688,Treasuries,UNUSUAL_POSITION_CHANGE,MEDIUM,238922.0,-13299.0,,,,,-4.046464576304822,"Check transactions, valuation, reclassification, and revisions."
2022-03,Egypt,57002,Treasuries,UNUSUAL_POSITION_CHANGE,HIGH,94.0,-2131.0,,,,,-359.339875,"Check transactions, valuation, reclassification, and revisions."
2022-03,Russia,16101,Equities,UNUSUAL_POSITION_CHANGE,HIGH,1102.0,-1552.0,,,,,-40.74239423076923,"Check transactions, valuation, reclassification, and revisions."
2022-03,Israel,42501,Agency bonds,UNUSUAL_POSITION_CHANGE,HIGH,2752.0,-1747.0,,,,,-10.444067873303167,"Check transactions, valuation, reclassification, and revisions."
2022-02,Switzerland,12688,Treasuries,UNUSUAL_POSITION_CHANGE,MEDIUM,252221.0,-10664.0,,,,,-4.569985670023238,"Check transactions, valuation, reclassification, and revisions."
2022-02,Russia,16101,Equities,UNUSUAL_POSITION_CHANGE,HIGH,2654.0,-1207.0,,,,,-31.792298076923075,"Check transactions, valuation, reclassification, and revisions."
2022-02,Uruguay,32603,Corporate bonds,UNUSUAL_POSITION_CHANGE,HIGH,1519.0,511.0,,,,,17.503275,"Check transactions, valuation, reclassification, and revisions."
2022-02,South Africa,55719,Treasuries,UNUSUAL_POSITION_CHANGE,HIGH,11521.0,6455.0,,,,,8.242749049429657,"Check transactions, valuation, reclassification, and revisions."
2022-01,Israel,42501,Corporate bonds,UNUSUAL_POSITION_CHANGE,MEDIUM,6633.0,-606.0,,,,,-6.446292857142857,"Check transactions, valuation, reclassification, and revisions."
2022-01,Kuwait,43109,Treasuries,UNUSUAL_POSITION_CHANGE,MEDIUM,37145.0,4724.0,,,,,5.895456747404844,"Check transactions, valuation, reclassification, and revisions."
2022-01,Sweden,12602,Equities,UNUSUAL_POSITION_CHANGE,MEDIUM,360963.0,-26044.0,,,,,-4.734189767709733,"Check transactions, valuation, reclassification, and revisions."
2022-01,France,10804,Corporate bonds,UNUSUAL_POSITION_CHANGE,MEDIUM,78808.0,-6076.0,,,,,-4.524197278911565,"Check transactions, valuation, reclassification, and revisions."
2022-01,Sweden,12602,Treasuries,UNUSUAL_POSITION_CHANGE,MEDIUM,53513.0,6052.0,,,,,4.371813449023861,"Check transactions, valuation, reclassification, and revisions."
2022-01,India,42102,Equities,UNUSUAL_POSITION_CHANGE,MEDIUM,9841.0,-737.0,,,,,-4.3378023952095806,"Check transactions, valuation, reclassification, and revisions."
2022-01,Belgium,10251,Treasuries,UNUSUAL_POSITION_CHANGE,MEDIUM,199372.0,-30964.0,,,,,-4.302686637327465,"Check transactions, valuation, reclassification, and revisions."
2022-01,Hong Kong,42005,Equities,UNUSUAL_POSITION_CHANGE,MEDIUM,173532.0,-14642.0,,,,,-4.00460668210387,"Check transactions, valuation, reclassification, and revisions."
2022-01,Israel,42501,Equities,UNUSUAL_POSITION_CHANGE,HIGH,99933.0,-39866.0,,,,,-9.15766606060606,"Check transactions, valuation, reclassification, and revisions."
2022-01,South Africa,55719,Treasuries,UNUSUAL_POSITION_CHANGE,HIGH,5066.0,-5216.0,,,,,-8.228275462962962,"Check transactions, valuation, reclassification, and revisions."
2021-12,Sweden,12602,Treasuries,UNUSUAL_POSITION_CHANGE,MEDIUM,47461.0,7747.0,,,,,6.558843100189036,"Check transactions, valuation, reclassification, and revisions."
2021-12,Norway,12203,Corporate bonds,UNUSUAL_POSITION_CHANGE,MEDIUM,58039.0,5424.0,,,,,5.608942229454842,"Check transactions, valuation, reclassification, and revisions."
2021-12,Australia,60089,Agency bonds,UNUSUAL_POSITION_CHANGE,MEDIUM,5532.0,927.0,,,,,5.544208520179373,"Check transactions, valuation, reclassification, and revisions."
2021-12,Netherlands,12106,Corporate bonds,UNUSUAL_POSITION_CHANGE,MEDIUM,95754.0,10599.0,,,,,5.5342149104539775,"Check transactions, valuation, reclassification, and revisions."
2021-12,United Arab Emirates,46604,Corporate bonds,UNUSUAL_POSITION_CHANGE,MEDIUM,9949.0,1656.0,,,,,5.3203551401869165,"Check transactions, valuation, reclassification, and revisions."
2021-12,Belgium,10251,Treasuries,UNUSUAL_POSITION_CHANGE,MEDIUM,230336.0,38751.0,,,,,5.090151427165354,"Check transactions, valuation, reclassification, and revisions."
2021-12,Finland,10707,Corporate bonds,UNUSUAL_POSITION_CHANGE,MEDIUM,7060.0,758.0,,,,,4.5231176470588235,"Check transactions, valuation, reclassification, and revisions."
2021-12,Singapore,46019,Corporate bonds,UNUSUAL_POSITION_CHANGE,MEDIUM,52167.0,6489.0,,,,,4.464232544720138,"Check transactions, valuation, reclassification, and revisions."
2021-12,Saudi Arabia,45608,Corporate bonds,UNUSUAL_POSITION_CHANGE,MEDIUM,7654.0,-2109.0,,,,,-4.429637989778534,"Check transactions, valuation, reclassification, and revisions."
2021-12,Finland,10707,Treasuries,UNUSUAL_POSITION_CHANGE,MEDIUM,7793.0,1490.0,,,,,4.333958333333333,"Check transactions, valuation, reclassification, and revisions."
2021-12,Netherlands,12106,Equities,UNUSUAL_POSITION_CHANGE,MEDIUM,408498.0,52876.0,,,,,4.3063599526867185,"Check transactions, valuation, reclassification, and revisions."
2021-12,Poland,15768,Treasuries,UNUSUAL_POSITION_CHANGE,MEDIUM,36540.0,-13608.0,,,,,-4.087954406964092,"Check transactions, valuation, reclassification, and revisions."
2021-12,Colombia,30503,Corporate bonds,UNUSUAL_POSITION_CHANGE,HIGH,10913.0,8992.0,,,,,108.51620982142857,"Check transactions, valuation, reclassification, and revisions."
2021-12,Russia,16101,Equities,UNUSUAL_POSITION_CHANGE,HIGH,4311.0,-2346.0,,,,,-74.195,"Check transactions, valuation, reclassification, and revisions."
2021-12,Sweden,12602,Corporate bonds,UNUSUAL_POSITION_CHANGE,HIGH,11823.0,6746.0,,,,,73.75630081300812,"Check transactions, valuation, reclassification, and revisions."
2021-12,Mauritius,53805,Equities,UNUSUAL_POSITION_CHANGE,HIGH,1712.0,1005.0,,,,,18.238125,"Check transactions, valuation, reclassification, and revisions."
2021-12,Australia,60089,Equities,UNUSUAL_POSITION_CHANGE,HIGH,538186.0,125689.0,,,,,10.127000616642865,"Check transactions, valuation, reclassification, and revisions."
2021-12,Sweden,12602,Equities,UNUSUAL_POSITION_CHANGE,HIGH,387007.0,68091.0,,,,,7.369469950921382,"Check transactions, valuation, reclassification, and revisions."
2021-11,Spain,12505,Corporate bonds,UNUSUAL_POSITION_CHANGE,MEDIUM,4011.0,-778.0,,,,,-6.70485119047619,"Check transactions, valuation, reclassification, and revisions."
2021-11,Guernsey,13006,Treasuries,UNUSUAL_POSITION_CHANGE,MEDIUM,5837.0,1512.0,,,,,6.6669965986394555,"Check transactions, valuation, reclassification, and revisions."
2021-11,Mexico,31704,Corporate bonds,UNUSUAL_POSITION_CHANGE,MEDIUM,3995.0,-757.0,,,,,-5.2430206185567005,"Check transactions, valuation, reclassification, and revisions."
2021-11,Saudi Arabia,45608,Corporate bonds,UNUSUAL_POSITION_CHANGE,MEDIUM,9763.0,-1889.0,,,,,-4.2913840579710145,"Check transactions, valuation, reclassification, and revisions."
2021-11,"Korea, South",43001,Treasuries,UNUSUAL_POSITION_CHANGE,MEDIUM,125999.0,17390.0,,,,,4.1187172904935405,"Check transactions, valuation, reclassification, and revisions."
2021-11,Russia,16101,Equities,UNUSUAL_POSITION_CHANGE,HIGH,6657.0,4249.0,,,,,135.86357142857142,"Check transactions, valuation, reclassification, and revisions."
2021-11,Guernsey,13006,Corporate bonds,UNUSUAL_POSITION_CHANGE,HIGH,7506.0,1835.0,,,,,16.798695945945944,"Check transactions, valuation, reclassification, and revisions."
2021-11,Switzerland,12688,Agency bonds,UNUSUAL_POSITION_CHANGE,HIGH,19870.0,-7336.0,,,,,-12.390124371859297,"Check transactions, valuation, reclassification, and revisions."
2021-11,Guatemala,31208,Corporate bonds,UNUSUAL_POSITION_CHANGE,HIGH,609.0,-582.0,,,,,-11.138885714285713,"Check transactions, valuation, reclassification, and revisions."
2021-10,International,72907,Corporate bonds,UNUSUAL_POSITION_CHANGE,MEDIUM,9662.0,1115.0,,,,,5.545586693548387,"Check transactions, valuation, reclassification, and revisions."
2021-10,Switzerland,12688,Treasuries,UNUSUAL_POSITION_CHANGE,MEDIUM,257611.0,-6227.0,,,,,-4.551269047619048,"Check transactions, valuation, reclassification, and revisions."
2021-10,Russia,16101,Equities,UNUSUAL_POSITION_CHANGE,HIGH,2408.0,1745.0,,,,,54.16391860465116,"Check transactions, valuation, reclassification, and revisions."
2021-10,Sweden,12602,Corporate bonds,UNUSUAL_POSITION_CHANGE,HIGH,4840.0,-1369.0,,,,,-19.738,"Check transactions, valuation, reclassification, and revisions."
2021-10,Ukraine,16403,Treasuries,UNUSUAL_POSITION_CHANGE,HIGH,13955.0,6407.0,,,,,17.64130412371134,"Check transactions, valuation, reclassification, and revisions."
2021-10,France,10804,Agency bonds,UNUSUAL_POSITION_CHANGE,HIGH,18165.0,5007.0,,,,,13.738713426853707,"Check transactions, valuation, reclassification, and revisions."
2021-10,Guatemala,31208,Corporate bonds,UNUSUAL_POSITION_CHANGE,HIGH,1191.0,541.0,,,,,10.589649999999999,"Check transactions, valuation, reclassification, and revisions."
2021-09,Bahamas,35319,Equities,UNUSUAL_POSITION_CHANGE,MEDIUM,30048.0,-10317.0,,,,,-6.115280082987551,"Check transactions, valuation, reclassification, and revisions."
2021-09,Mexico,31704,Treasuries,UNUSUAL_POSITION_CHANGE,MEDIUM,33381.0,-3665.0,,,,,-5.662600790513833,"Check transactions, valuation, reclassification, and revisions."
2021-09,Guernsey,13006,Treasuries,UNUSUAL_POSITION_CHANGE,MEDIUM,4413.0,-971.0,,,,,-5.579464,"Check transactions, valuation, reclassification, and revisions."
2021-09,Switzerland,12688,Agency bonds,UNUSUAL_POSITION_CHANGE,MEDIUM,26770.0,2181.0,,,,,4.316412356321839,"Check transactions, valuation, reclassification, and revisions."
2021-09,Portugal,12319,Equities,UNUSUAL_POSITION_CHANGE,MEDIUM,7890.0,-637.0,,,,,-4.232885826771653,"Check transactions, valuation, reclassification, and revisions."
2021-08,Brazil,30309,Equities,UNUSUAL_POSITION_CHANGE,MEDIUM,20382.0,4793.0,,,,,6.135798129812981,"Check transactions, valuation, reclassification, and revisions."
2021-08,Bahamas,35319,Equities,UNUSUAL_POSITION_CHANGE,MEDIUM,40365.0,9740.0,,,,,5.4891058282208585,"Check transactions, valuation, reclassification, and revisions."
2021-08,Kuwait,43109,Corporate bonds,UNUSUAL_POSITION_CHANGE,MEDIUM,21989.0,-3697.0,,,,,-5.034876869391824,"Check transactions, valuation, reclassification, and revisions."
2021-08,New Zealand,61689,Equities,UNUSUAL_POSITION_CHANGE,MEDIUM,45499.0,-6299.0,,,,,-4.44559341563786,"Check transactions, valuation, reclassification, and revisions."
2021-08,Switzerland,12688,Treasuries,UNUSUAL_POSITION_CHANGE,MEDIUM,259414.0,-5134.0,,,,,-4.289270466118292,"Check transactions, valuation, reclassification, and revisions."
2021-08,Kazakhstan,16543,Treasuries,UNUSUAL_POSITION_CHANGE,HIGH,601.0,-590.0,,,,,-265.52816666666666,"Check transactions, valuation, reclassification, and revisions."
2021-08,United Arab Emirates,46604,Agency bonds,UNUSUAL_POSITION_CHANGE,HIGH,325.0,-802.0,,,,,-9.155604347826086,"Check transactions, valuation, reclassification, and revisions."
2021-08,Kuwait,43109,Agency bonds,UNUSUAL_POSITION_CHANGE,HIGH,3471.0,-1020.0,,,,,-7.950784246575342,"Check transactions, valuation, reclassification, and revisions."
2021-07,Australia,60089,Agency bonds,UNUSUAL_POSITION_CHANGE,MEDIUM,3818.0,-958.0,,,,,-6.1341320754716975,"Check transactions, valuation, reclassification, and revisions."
2021-07,Canada,29998,Agency bonds,UNUSUAL_POSITION_CHANGE,MEDIUM,76304.0,-5049.0,,,,,-5.4833936877076415,"Check transactions, valuation, reclassification, and revisions."
2021-07,Kuwait,43109,Corporate bonds,UNUSUAL_POSITION_CHANGE,MEDIUM,25686.0,3852.0,,,,,5.441439999999999,"Check transactions, valuation, reclassification, and revisions."
2021-07,Germany,11002,Agency bonds,UNUSUAL_POSITION_CHANGE,MEDIUM,2606.0,-2756.0,,,,,-5.014374999999999,"Check transactions, valuation, reclassification, and revisions."
2021-07,Switzerland,12688,Treasuries,UNUSUAL_POSITION_CHANGE,MEDIUM,264548.0,-6281.0,,,,,-4.983775697211155,"Check transactions, valuation, reclassification, and revisions."
2021-07,South Africa,55719,Treasuries,UNUSUAL_POSITION_CHANGE,MEDIUM,10736.0,2528.0,,,,,4.13504662004662,"Check transactions, valuation, reclassification, and revisions."
2021-07,International,72907,Corporate bonds,UNUSUAL_POSITION_CHANGE,HIGH,8055.0,1329.0,,,,,8.314381188118812,"Check transactions, valuation, reclassification, and revisions."
2021-06,Bahamas,35319,Corporate bonds,UNUSUAL_POSITION_CHANGE,MEDIUM,7588.0,-1695.0,,,,,-6.9611019417475735,"Check transactions, valuation, reclassification, and revisions."
2021-06,Ireland,11401,Corporate bonds,UNUSUAL_POSITION_CHANGE,MEDIUM,290044.0,38988.0,,,,,6.264947414439171,"Check transactions, valuation, reclassification, and revisions."
2021-06,Canada,29998,Treasuries,UNUSUAL_POSITION_CHANGE,MEDIUM,150036.0,49499.0,,,,,6.025822801965103,"Check transactions, valuation, reclassification, and revisions."
2021-06,Netherlands,12106,Agency bonds,UNUSUAL_POSITION_CHANGE,MEDIUM,16862.0,4786.0,,,,,5.558015012510425,"Check transactions, valuation, reclassification, and revisions."
2021-06,"Korea, South",43001,Equities,UNUSUAL_POSITION_CHANGE,MEDIUM,329384.0,53247.0,,,,,5.194112681947465,"Check transactions, valuation, reclassification, and revisions."
2021-06,Belgium,10251,Equities,UNUSUAL_POSITION_CHANGE,MEDIUM,105034.0,-14628.0,,,,,-5.025058490566038,"Check transactions, valuation, reclassification, and revisions."
2021-06,Cayman Islands,36137,Treasuries,UNUSUAL_POSITION_CHANGE,MEDIUM,141349.0,23121.0,,,,,4.8740100475533055,"Check transactions, valuation, reclassification, and revisions."
2021-06,Netherlands,12106,Treasuries,UNUSUAL_POSITION_CHANGE,MEDIUM,71248.0,8529.0,,,,,4.822237012987013,"Check transactions, valuation, reclassification, and revisions."
2021-06,Malaysia,43605,Treasuries,UNUSUAL_POSITION_CHANGE,MEDIUM,10668.0,-1036.0,,,,,-4.362819397993311,"Check transactions, valuation, reclassification, and revisions."
2021-06,Canada,29998,Agency bonds,UNUSUAL_POSITION_CHANGE,HIGH,81353.0,60639.0,,,,,78.6869242569511,"Check transactions, valuation, reclassification, and revisions."
2021-06,Spain,12505,Agency bonds,UNUSUAL_POSITION_CHANGE,HIGH,3975.0,2596.0,,,,,52.651878787878786,"Check transactions, valuation, reclassification, and revisions."
2021-06,France,10804,Agency bonds,UNUSUAL_POSITION_CHANGE,HIGH,14416.0,11242.0,,,,,45.03431563421829,"Check transactions, valuation, reclassification, and revisions."
2021-06,Switzerland,12688,Agency bonds,UNUSUAL_POSITION_CHANGE,HIGH,23813.0,15799.0,,,,,37.88620105820105,"Check transactions, valuation, reclassification, and revisions."
2021-06,Switzerland,12688,Treasuries,UNUSUAL_POSITION_CHANGE,HIGH,270829.0,32568.0,,,,,16.19046267748479,"Check transactions, valuation, reclassification, and revisions."
2021-06,France,10804,Treasuries,UNUSUAL_POSITION_CHANGE,HIGH,207524.0,112987.0,,,,,9.5442070681458,"Check transactions, valuation, reclassification, and revisions."
2021-06,Denmark,10502,Equities,UNUSUAL_POSITION_CHANGE,HIGH,213476.0,44916.0,,,,,8.668989008304836,"Check transactions, valuation, reclassification, and revisions."
2021-06,France,10804,Corporate bonds,UNUSUAL_POSITION_CHANGE,HIGH,83182.0,12480.0,,,,,7.718714285714285,"Check transactions, valuation, reclassification, and revisions."
2021-05,Bahamas,35319,Corporate bonds,UNUSUAL_POSITION_CHANGE,MEDIUM,9283.0,1281.0,,,,,6.551611888111888,"Check transactions, valuation, reclassification, and revisions."
2021-05,Brazil,30309,Agency bonds,UNUSUAL_POSITION_CHANGE,HIGH,778.0,-2259.0,,,,,-14.579576923076925,"Check transactions, valuation, reclassification, and revisions."
2021-04,Italy,11509,Agency bonds,UNUSUAL_POSITION_CHANGE,MEDIUM,1230.0,773.0,,,,,4.2657567567567565,"Check transactions, valuation, reclassification, and revisions."
2021-04,Thailand,46418,Agency bonds,UNUSUAL_POSITION_CHANGE,MEDIUM,9907.0,1877.0,,,,,4.001554964539007,"Check transactions, valuation, reclassification, and revisions."
2021-04,Thailand,46418,Corporate bonds,UNUSUAL_POSITION_CHANGE,HIGH,1634.0,-1429.0,,,,,-17.314174107142858,"Check transactions, valuation, reclassification, and revisions."
2021-03,Thailand,46418,Treasuries,UNUSUAL_POSITION_CHANGE,MEDIUM,63164.0,-11748.0,,,,,-5.245854452054795,"Check transactions, valuation, reclassification, and revisions."
2021-03,Guernsey,13006,Treasuries,UNUSUAL_POSITION_CHANGE,MEDIUM,4902.0,-1088.0,,,,,-4.852184375,"Check transactions, valuation, reclassification, and revisions."
2021-03,Sweden,12602,Corporate bonds,UNUSUAL_POSITION_CHANGE,HIGH,5873.0,1218.0,,,,,16.61472448979592,"Check transactions, valuation, reclassification, and revisions."
2021-03,Belgium,10251,Equities,UNUSUAL_POSITION_CHANGE,HIGH,110535.0,24650.0,,,,,9.72672577247191,"Check transactions, valuation, reclassification, and revisions."
2021-03,Mexico,31704,Treasuries,UNUSUAL_POSITION_CHANGE,HIGH,35113.0,-2309.0,,,,,-7.022875,"Check transactions, valuation, reclassification, and revisions."
2021-02,Canada,29998,Agency bonds,UNUSUAL_POSITION_CHANGE,MEDIUM,21730.0,-1899.0,,,,,-4.7215,"Check transactions, valuation, reclassification, and revisions."
2021-02,Ireland,11401,Agency bonds,UNUSUAL_POSITION_CHANGE,MEDIUM,24729.0,-5735.0,,,,,-4.203982739420935,"Check transactions, valuation, reclassification, and revisions."
2021-02,Taiwan,46302,Treasuries,UNUSUAL_POSITION_CHANGE,MEDIUM,229010.0,-5064.0,,,,,-4.040401630434783,"Check transactions, valuation, reclassification, and revisions."
2021-02,Chile,30406,Treasuries,UNUSUAL_POSITION_CHANGE,HIGH,32389.0,9257.0,,,,,24.04363300970874,"Check transactions, valuation, reclassification, and revisions."
